sid,Value,age,dialect,trial_type,item,group,variant,clause1voice,clause2voice,mismatch,clause1,clause2,sentence
10,4,23,American English,filler,44,A,lower-bound non-elliptical,NA,NA,NA,,,The man wondered whether is worth reading what for him.
10,4,23,American English,experimental,17,A,[A ← P],active,passive,TRUE,After the club owner himself did earlier,the guitarist was booed by the audience,After the club owner himself did earlier%2C the guitarist was booed by the audience.
10,5,23,American English,filler,2,A,upper-bound elliptical,NA,NA,NA,,,The thief was arrested and his brother was as well.
10,5,23,American English,filler,39,A,lower-bound non-elliptical,NA,NA,NA,,,Most photographers forget whose they took picture within a day.
10,3,23,American English,experimental,18,A,[P ← A],passive,active,TRUE,After the chairs were already,the seller criticized the table,After the chairs were already%2C the seller criticized the table.
10,5,23,American English,filler,29,A,upper-bound non-elliptical,NA,NA,NA,,,Good coaches know which players play well under pressure.
10,5,23,American English,filler,8,A,upper-bound elliptical,NA,NA,NA,,,Somebody else should take out the garbage because I can't today.
10,3,23,American English,experimental,16,A,[P ← P],passive,passive,FALSE,After the tennis team was previously,the volleyball team was beaten by the Cubans,After the tennis team was previously%2C the volleyball team was beaten by the Cubans.
10,3,23,American English,filler,19,A,lower-bound elliptical,NA,NA,NA,,,I know why it happened but it wasn't.
10,3,23,American English,filler,47,A,lower-bound non-elliptical,NA,NA,NA,,,Don't do what he who doesn't hasn't yet been done.
10,2,23,American English,experimental,8,A,[P ← P],passive,passive,FALSE,Before the accused was,the witness was surprised by the policeman’s question,Before the accused was%2C the witness was surprised by the policeman’s question.
10,3,23,American English,filler,46,A,lower-bound non-elliptical,NA,NA,NA,,,What do you wish that to buy would be no problem?
10,4,23,American English,filler,14,A,lower-bound elliptical,NA,NA,NA,,,Even in areas where tap water is potable%2C one shouldn't.
10,3,23,American English,experimental,1,A,[A ← P],active,passive,TRUE,Before her mother did,Mary was scolded by her father,Before her mother did%2C Mary was scolded by her father.
10,3,23,American English,filler,23,A,lower-bound elliptical,NA,NA,NA,,,Joe was murdered%2C but we don't know who.
10,2,23,American English,filler,20,A,lower-bound elliptical,NA,NA,NA,,,Does he understand why and who didn't?
10,5,23,American English,experimental,9,A,[A ← P],active,passive,TRUE,Before the big corporations did,the autoworkers were exploited by the local business,Before the big corporations did%2C the autoworkers were exploited by the local business.
10,4,23,American English,filler,3,A,upper-bound elliptical,NA,NA,NA,,,I wish I knew where the remote control is%2C but I don't.
10,2,23,American English,filler,22,A,lower-bound elliptical,NA,NA,NA,,,That Harry is a fool bothers Dick%2C and that Bill is a fool Sam.
10,2,23,American English,experimental,20,A,[P ← P],passive,passive,FALSE,After the garage was previously,the house was photographed by Jill,After the garage was previously%2C the house was photographed by Jill.
10,5,23,American English,filler,31,A,upper-bound non-elliptical,NA,NA,NA,,,The soccer player was happy with his performance.
10,4,23,American English,filler,41,A,lower-bound non-elliptical,NA,NA,NA,,,The police found the painting that the journalist claimed who stole.
10,4,23,American English,experimental,15,A,[A ← A],active,active,FALSE,After the police did on Monday,the IRS investigated the accountant on Tuesday,After the police did on Monday%2C the IRS investigated the accountant on Tuesday.
10,3,23,American English,filler,45,A,lower-bound non-elliptical,NA,NA,NA,,,The mechanic didn't know what the attempt to repair ultimately damaged the car.
10,5,23,American English,filler,36,A,upper-bound non-elliptical,NA,NA,NA,,,You enjoy Action TV shows while I prefer documentaries.
10,3,23,American English,experimental,21,A,[A ← P],active,passive,TRUE,After Thorpe did previously,the 400 meter record was broken by Phelps,After Thorpe did previously%2C the 400 meter record was broken by Phelps.
10,3,23,American English,filler,17,A,lower-bound elliptical,NA,NA,NA,,,Most people can't lift heavy rocks%2C but I know a guy who can and bend a crowbar%2C too.
10,3,23,American English,filler,42,A,lower-bound non-elliptical,NA,NA,NA,,,Claire isn't as fast anymore as the reporter remembers who was five years ago.
10,2,23,American English,experimental,13,A,[A ← P],active,passive,TRUE,After John did already,the new girl was pushed again by Bill,After John did already%2C the new girl was pushed again by Bill.
10,5,23,American English,filler,35,A,upper-bound non-elliptical,NA,NA,NA,,,Some people's handwriting is so bad that they can't read it themselves.
10,5,23,American English,filler,4,A,upper-bound elliptical,NA,NA,NA,,,Some guests brought drinks to the party although they didn't have to.
10,3,23,American English,experimental,24,A,[P ← P],passive,passive,FALSE,After the local paper was already,the local writers were criticized by Tom,After the local paper was already%2C the local writers were criticized by Tom.
10,5,23,American English,filler,28,A,upper-bound non-elliptical,NA,NA,NA,,,Sometimes Susan has a hard time keeping up in class.
10,5,23,American English,filler,26,A,upper-bound non-elliptical,NA,NA,NA,,,Since you're not answering my question%2C I will assume that you don't know the answer.
10,3,23,American English,experimental,14,A,[P ← A],passive,active,TRUE,After his friend was previously,Customs questioned the student,After his friend was previously%2C Customs questioned the student.
10,2,23,American English,filler,40,A,lower-bound non-elliptical,NA,NA,NA,,,What did you meet a janitor that hates?
10,4,23,American English,filler,9,A,upper-bound elliptical,NA,NA,NA,,,Bob's always wanted to travel to Bolivia and now he finally did.
10,3,23,American English,experimental,11,A,[A ← A],active,active,FALSE,Before the lawyer did,the police questioned the suspect,Before the lawyer did%2C the police questioned the suspect.
10,1,23,American English,filler,37,A,lower-bound non-elliptical,NA,NA,NA,,,If it hasn't dark%2C it is easier to saw pedestrians.
10,3,23,American English,filler,18,A,lower-bound elliptical,NA,NA,NA,,,Kevin's diaper may be wet%2C but he won't.
10,3,23,American English,experimental,10,A,[P ← A],passive,active,TRUE,Before the Chief of Police was,the newspaper interviewed the Mayor,Before the Chief of Police was%2C the newspaper interviewed the Mayor.
10,3,23,American English,filler,43,A,lower-bound non-elliptical,NA,NA,NA,,,Who did the press secretary ask a question before we interviewed?
10,4,23,American English,filler,7,A,upper-bound elliptical,NA,NA,NA,,,Your son was worried that you'll be angry so I told him you won't.
10,3,23,American English,experimental,2,A,[P ← A],passive,active,TRUE,Before the confession was,the judge read the report first,Before the confession was%2C the judge read the report first.
10,5,23,American English,filler,25,A,upper-bound non-elliptical,NA,NA,NA,,,I can't hear the announcement but I don't care.
10,5,23,American English,filler,33,A,upper-bound non-elliptical,NA,NA,NA,,,Most readers didn't expect the final plot twist.
10,2,23,American English,experimental,19,A,[A ← A],active,active,FALSE,After the critic did already,the customer praised the dessert,After the critic did already%2C the customer praised the dessert.
10,2,23,American English,filler,16,A,lower-bound elliptical,NA,NA,NA,,,Bill admires Sarah more than she is by anyone else.
10,5,23,American English,filler,32,A,upper-bound non-elliptical,NA,NA,NA,,,The cellist made a mistake in her favorite piece.
10,3,23,American English,experimental,3,A,[A ← A],active,active,FALSE,Before the President did,the Mayor first praised the fireman,Before the President did%2C the Mayor first praised the fireman.
10,5,23,American English,filler,30,A,upper-bound non-elliptical,NA,NA,NA,,,The older daughter taught her younger sister how to cook.
10,5,23,American English,filler,6,A,upper-bound elliptical,NA,NA,NA,,,This is fascinating%2C it really is.
10,3,23,American English,experimental,6,A,[P ← A],passive,active,TRUE,Before her sister was,Mary’s French grandmother gave her French classes,Before her sister was%2C Mary’s French grandmother gave her French classes.
10,5,23,American English,filler,11,A,upper-bound elliptical,NA,NA,NA,,,John knew he would fall asleep eventually%2C but he didn't know when.
10,3,23,American English,filler,24,A,lower-bound elliptical,NA,NA,NA,,,Hailey melted the copper vase%2C and the magnesium one did%2C too.
10,3,23,American English,experimental,23,A,[A ← A],active,active,FALSE,After the department secretary did previously,the department head called the library,After the department secretary did previously%2C the department head called the library.
10,3,23,American English,filler,13,A,lower-bound elliptical,NA,NA,NA,,,A proof that God exists doesn't.
10,5,23,American English,filler,1,A,upper-bound elliptical,NA,NA,NA,,,The reporter claimed that the decision wasn't made by the president%2C even though it most definitely was.
10,3,23,American English,experimental,22,A,[P ← A],passive,active,TRUE,After the chef’s private notes were already,Kate revealed the secret recipe,After the chef’s private notes were already%2C Kate revealed the secret recipe.
10,5,23,American English,filler,34,A,upper-bound non-elliptical,NA,NA,NA,,,Environmentally aware citizens recycle plastic bags.
10,3,23,American English,filler,5,A,upper-bound elliptical,NA,NA,NA,,,The lawyer became angry and he shouldn't have.
10,3,23,American English,experimental,7,A,[A ← A],active,active,FALSE,Before the credit union did,Susan’s bank offered her a loan,Before the credit union did%2C Susan’s bank offered her a loan.
10,5,23,American English,filler,27,A,upper-bound non-elliptical,NA,NA,NA,,,Stop me when my time is up!
10,2,23,American English,filler,48,A,lower-bound non-elliptical,NA,NA,NA,,,The author wasn't sure who she heard who ran into.
10,3,23,American English,experimental,5,A,[A ← P],active,passive,TRUE,Before the advisor did,the student was praised by the old schoolmaster,Before the advisor did%2C the student was praised by the old schoolmaster.
10,4,23,American English,filler,12,A,upper-bound elliptical,NA,NA,NA,,,Mr. Jones lost his wallet and he has no idea where.
10,5,23,American English,filler,10,A,upper-bound elliptical,NA,NA,NA,,,If you really want to%2C we can get some ice cream on the way.
10,2,23,American English,experimental,4,A,[P ← P],passive,passive,FALSE,Before the loser was,the winner was hugged by the talk-show host,Before the loser was%2C the winner was hugged by the talk-show host.
10,1,23,American English,filler,38,A,lower-bound non-elliptical,NA,NA,NA,,,Whose didn't you get email?
10,2,23,American English,filler,15,A,lower-bound elliptical,NA,NA,NA,,,Beth's mother invited more people to her wedding than were by Beth herself.
10,2,23,American English,experimental,12,A,[P ← P],passive,passive,FALSE,Before the head nurse was,the doctor was blamed by the child’s parents,Before the head nurse was%2C the doctor was blamed by the child’s parents.
10,2,23,American English,filler,21,A,lower-bound elliptical,NA,NA,NA,,,Betsy did after Peter went to the store.
6,5,51,American English,filler,27,B,upper-bound non-elliptical,NA,NA,NA,,,Stop me when my time is up!
6,4,51,American English,experimental,8,B,[A ← P],active,passive,TRUE,Before the lawyer did,the witness was surprised by the policeman’s question,Before the lawyer did%2C the witness was surprised by the policeman’s question.
6,1,51,American English,filler,38,B,lower-bound non-elliptical,NA,NA,NA,,,Whose didn't you get email?
6,2,51,American English,filler,22,B,lower-bound elliptical,NA,NA,NA,,,That Harry is a fool bothers Dick%2C and that Bill is a fool Sam.
6,3,51,American English,experimental,17,B,[P ← A],passive,active,TRUE,After the lead singer herself was earlier,the audience booed the guitarist,After the lead singer herself was earlier%2C the audience booed the guitarist.
6,5,51,American English,filler,34,B,upper-bound non-elliptical,NA,NA,NA,,,Environmentally aware citizens recycle plastic bags.
6,5,51,American English,filler,33,B,upper-bound non-elliptical,NA,NA,NA,,,Most readers didn't expect the final plot twist.
6,5,51,American English,experimental,10,B,[A ← A],active,active,FALSE,Before the TV networks did,the newspaper interviewed the Mayor,Before the TV networks did%2C the newspaper interviewed the Mayor.
6,2,51,American English,filler,19,B,lower-bound elliptical,NA,NA,NA,,,I know why it happened but it wasn't.
6,2,51,American English,filler,46,B,lower-bound non-elliptical,NA,NA,NA,,,What do you wish that to buy would be no problem?
6,2,51,American English,experimental,5,B,[P ← A],passive,active,TRUE,Before the Teaching Assistant was,the old schoolmaster praised the student,Before the Teaching Assistant was%2C the old schoolmaster praised the student.
6,4,51,American English,filler,6,B,upper-bound elliptical,NA,NA,NA,,,This is fascinating%2C it really is.
6,5,51,American English,filler,31,B,upper-bound non-elliptical,NA,NA,NA,,,The soccer player was happy with his performance.
6,2,51,American English,experimental,20,B,[A ← P],active,passive,TRUE,After Sally did previously,the house was photographed by Jill,After Sally did previously%2C the house was photographed by Jill.
6,1,51,American English,filler,47,B,lower-bound non-elliptical,NA,NA,NA,,,Don't do what he who doesn't hasn't yet been done.
6,3,51,American English,filler,23,B,lower-bound elliptical,NA,NA,NA,,,Joe was murdered%2C but we don't know who.
6,4,51,American English,experimental,11,B,[P ← P],passive,passive,FALSE,Before the witness was,the suspect was questioned by the police,Before the witness was%2C the suspect was questioned by the police.
6,5,51,American English,filler,32,B,upper-bound non-elliptical,NA,NA,NA,,,The cellist made a mistake in her favorite piece.
6,5,51,American English,filler,30,B,upper-bound non-elliptical,NA,NA,NA,,,The older daughter taught her younger sister how to cook.
6,3,51,American English,experimental,2,B,[A ← A],active,active,FALSE,Before the lawyer did,the judge read the report first,Before the lawyer did%2C the judge read the report first.
6,5,51,American English,filler,11,B,upper-bound elliptical,NA,NA,NA,,,John knew he would fall asleep eventually%2C but he didn't know when.
6,3,51,American English,filler,39,B,lower-bound non-elliptical,NA,NA,NA,,,Most photographers forget whose they took picture within a day.
6,2,51,American English,experimental,16,B,[A ← P],active,passive,TRUE,After the Germans did previously,the volleyball team was beaten by the Cubans,After the Germans did previously%2C the volleyball team was beaten by the Cubans.
6,3,51,American English,filler,41,B,lower-bound non-elliptical,NA,NA,NA,,,The police found the painting that the journalist claimed who stole.
6,2,51,American English,filler,45,B,lower-bound non-elliptical,NA,NA,NA,,,The mechanic didn't know what the attempt to repair ultimately damaged the car.
6,2,51,American English,experimental,9,B,[P ← A],passive,active,TRUE,Before the metal workers were,the local business exploited the autoworkers,Before the metal workers were%2C the local business exploited the autoworkers.
6,5,51,American English,filler,28,B,upper-bound non-elliptical,NA,NA,NA,,,Sometimes Susan has a hard time keeping up in class.
6,4,51,American English,filler,7,B,upper-bound elliptical,NA,NA,NA,,,Your son was worried that you'll be angry so I told him you won't.
6,2,51,American English,experimental,18,B,[A ← A],active,active,FALSE,After the buyer did already,the seller criticized the table,After the buyer did already%2C the seller criticized the table.
6,5,51,American English,filler,36,B,upper-bound non-elliptical,NA,NA,NA,,,You enjoy Action TV shows while I prefer documentaries.
6,2,51,American English,filler,18,B,lower-bound elliptical,NA,NA,NA,,,Kevin's diaper may be wet%2C but he won't.
6,2,51,American English,experimental,19,B,[P ← P],passive,passive,FALSE,After the appetizer was already,the dessert was praised by the customer,After the appetizer was already%2C the dessert was praised by the customer.
6,3,51,American English,filler,16,B,lower-bound elliptical,NA,NA,NA,,,Bill admires Sarah more than she is by anyone else.
6,1,51,American English,filler,37,B,lower-bound non-elliptical,NA,NA,NA,,,If it hasn't dark%2C it is easier to saw pedestrians.
6,3,51,American English,experimental,6,B,[A ← A],active,active,FALSE,Before her French aunt did,Mary’s French grandmother gave her French classes,Before her French aunt did%2C Mary’s French grandmother gave her French classes.
6,4,51,American English,filler,12,B,upper-bound elliptical,NA,NA,NA,,,Mr. Jones lost his wallet and he has no idea where.
6,4,51,American English,filler,17,B,lower-bound elliptical,NA,NA,NA,,,Most people can't lift heavy rocks%2C but I know a guy who can and bend a crowbar%2C too.
6,2,51,American English,experimental,21,B,[P ← A],passive,active,TRUE,After the 200 meter one was previously,Phelps broke the 400 meter record,After the 200 meter one was previously%2C Phelps broke the 400 meter record.
6,5,51,American English,filler,25,B,upper-bound non-elliptical,NA,NA,NA,,,I can't hear the announcement but I don't care.
6,3,51,American English,filler,20,B,lower-bound elliptical,NA,NA,NA,,,Does he understand why and who didn't?
6,2,51,American English,experimental,24,B,[A ← P],active,passive,TRUE,After the professor did already,the local writers were criticized by Tom,After the professor did already%2C the local writers were criticized by Tom.
6,5,51,American English,filler,2,B,upper-bound elliptical,NA,NA,NA,,,The thief was arrested and his brother was as well.
6,5,51,American English,filler,10,B,upper-bound elliptical,NA,NA,NA,,,If you really want to%2C we can get some ice cream on the way.
6,2,51,American English,experimental,4,B,[A ← P],active,passive,TRUE,Before the announcer did,the winner was hugged by the talk-show host,Before the announcer did%2C the winner was hugged by the talk-show host.
6,3,51,American English,filler,43,B,lower-bound non-elliptical,NA,NA,NA,,,Who did the press secretary ask a question before we interviewed?
6,1,51,American English,filler,44,B,lower-bound non-elliptical,NA,NA,NA,,,The man wondered whether is worth reading what for him.
6,1,51,American English,experimental,13,B,[P ← A],passive,active,TRUE,After Jill was already,Bill pushed the new girl again,After Jill was already%2C Bill pushed the new girl again.
6,2,51,American English,filler,40,B,lower-bound non-elliptical,NA,NA,NA,,,What did you meet a janitor that hates?
6,2,51,American English,filler,13,B,lower-bound elliptical,NA,NA,NA,,,A proof that God exists doesn't.
6,2,51,American English,experimental,3,B,[P ← P],passive,passive,FALSE,Before the policeman was,the fireman was first praised by the Mayor,Before the policeman was%2C the fireman was first praised by the Mayor.
6,3,51,American English,filler,15,B,lower-bound elliptical,NA,NA,NA,,,Beth's mother invited more people to her wedding than were by Beth herself.
6,4,51,American English,filler,3,B,upper-bound elliptical,NA,NA,NA,,,I wish I knew where the remote control is%2C but I don't.
6,2,51,American English,experimental,1,B,[P ← A],passive,active,TRUE,Before her sister was,Mary’s father scolded her,Before her sister was%2C Mary’s father scolded her.
6,5,51,American English,filler,4,B,upper-bound elliptical,NA,NA,NA,,,Some guests brought drinks to the party although they didn't have to.
6,3,51,American English,filler,21,B,lower-bound elliptical,NA,NA,NA,,,Betsy did after Peter went to the store.
6,2,51,American English,experimental,7,B,[P ← P],passive,passive,FALSE,Before her sisters were,Susan was offered a loan by the bank,Before her sisters were%2C Susan was offered a loan by the bank.
6,5,51,American English,filler,5,B,upper-bound elliptical,NA,NA,NA,,,The lawyer became angry and he shouldn't have.
6,5,51,American English,filler,1,B,upper-bound elliptical,NA,NA,NA,,,The reporter claimed that the decision wasn't made by the president%2C even though it most definitely was.
6,2,51,American English,experimental,22,B,[A ← A],active,active,FALSE,After Sandra did already,Kate revealed the secret recipe,After Sandra did already%2C Kate revealed the secret recipe.
6,3,51,American English,filler,42,B,lower-bound non-elliptical,NA,NA,NA,,,Claire isn't as fast anymore as the reporter remembers who was five years ago.
6,5,51,American English,filler,35,B,upper-bound non-elliptical,NA,NA,NA,,,Some people's handwriting is so bad that they can't read it themselves.
6,2,51,American English,experimental,23,B,[P ← P],passive,passive,FALSE,After the records office was previously,the library was called by the department head,After the records office was previously%2C the library was called by the department head.
6,5,51,American English,filler,8,B,upper-bound elliptical,NA,NA,NA,,,Somebody else should take out the garbage because I can't today.
6,5,51,American English,filler,26,B,upper-bound non-elliptical,NA,NA,NA,,,Since you're not answering my question%2C I will assume that you don't know the answer.
6,2,51,American English,experimental,15,B,[P ← P],passive,passive,FALSE,After the CEO was on Monday,the accountant was investigated by the IRS on Tuesday,After the CEO was on Monday%2C the accountant was investigated by the IRS on Tuesday.
6,1,51,American English,filler,48,B,lower-bound non-elliptical,NA,NA,NA,,,The author wasn't sure who she heard who ran into.
6,4,51,American English,filler,29,B,upper-bound non-elliptical,NA,NA,NA,,,Good coaches know which players play well under pressure.
6,2,51,American English,experimental,14,B,[A ← A],active,active,FALSE,After Immigration did previously,Customs questioned the student,After Immigration did previously%2C Customs questioned the student.
6,2,51,American English,filler,14,B,lower-bound elliptical,NA,NA,NA,,,Even in areas where tap water is potable%2C one shouldn't.
6,2,51,American English,filler,24,B,lower-bound elliptical,NA,NA,NA,,,Hailey melted the copper vase%2C and the magnesium one did%2C too.
6,2,51,American English,experimental,12,B,[A ← P],active,passive,TRUE,Before the insurance company did,the doctor was blamed by the child’s parents,Before the insurance company did%2C the doctor was blamed by the child’s parents.
6,4,51,American English,filler,9,B,upper-bound elliptical,NA,NA,NA,,,Bob's always wanted to travel to Bolivia and now he finally did.
2,4,24,British English,filler,48,C,lower-bound non-elliptical,NA,NA,NA,,,The author wasn't sure who she heard who ran into.
2,2,24,British English,experimental,12,C,[P ← A],passive,active,TRUE,Before the head nurse was,the child’s parents blamed the doctor,Before the head nurse was%2C the child’s parents blamed the doctor.
2,5,24,British English,filler,32,C,upper-bound non-elliptical,NA,NA,NA,,,The cellist made a mistake in her favorite piece.
2,4,24,British English,filler,9,C,upper-bound elliptical,NA,NA,NA,,,Bob's always wanted to travel to Bolivia and now he finally did.
2,5,24,British English,experimental,22,C,[P ← P],passive,passive,FALSE,After the chef’s private notes were already,the secret recipe was revealed by Kate,After the chef’s private notes were already%2C the secret recipe was revealed by Kate.
2,5,24,British English,filler,8,C,upper-bound elliptical,NA,NA,NA,,,Somebody else should take out the garbage because I can't today.
2,5,24,British English,filler,2,C,upper-bound elliptical,NA,NA,NA,,,The thief was arrested and his brother was as well.
2,3,24,British English,experimental,3,C,[A ← P],active,passive,TRUE,Before the President did,the fireman was first praised by the Mayor,Before the President did%2C the fireman was first praised by the Mayor.
2,1,24,British English,filler,38,C,lower-bound non-elliptical,NA,NA,NA,,,Whose didn't you get email?
2,5,24,British English,filler,29,C,upper-bound non-elliptical,NA,NA,NA,,,Good coaches know which players play well under pressure.
2,2,24,British English,experimental,10,C,[P ← P],passive,passive,FALSE,Before the Chief of Police was,the Mayor was interviewed by the newspapers,Before the Chief of Police was%2C the Mayor was interviewed by the newspapers.
2,5,24,British English,filler,7,C,upper-bound elliptical,NA,NA,NA,,,Your son was worried that you'll be angry so I told him you won't.
2,5,24,British English,filler,27,C,upper-bound non-elliptical,NA,NA,NA,,,Stop me when my time is up!
2,5,24,British English,experimental,21,C,[A ← A],active,active,FALSE,After Thorpe did previously,Phelps broke the 400 meter record,After Thorpe did previously%2C Phelps broke the 400 meter record.
2,5,24,British English,filler,3,C,upper-bound elliptical,NA,NA,NA,,,I wish I knew where the remote control is%2C but I don't.
2,2,24,British English,filler,40,C,lower-bound non-elliptical,NA,NA,NA,,,What did you meet a janitor that hates?
2,1,24,British English,experimental,7,C,[A ← P],active,passive,TRUE,Before the credit union did,Susan was offered a loan by the bank,Before the credit union did%2C Susan was offered a loan by the bank.
2,1,24,British English,filler,23,C,lower-bound elliptical,NA,NA,NA,,,Joe was murdered%2C but we don't know who.
2,2,24,British English,filler,14,C,lower-bound elliptical,NA,NA,NA,,,Even in areas where tap water is potable%2C one shouldn't.
2,2,24,British English,experimental,6,C,[P ← P],passive,passive,FALSE,Before her sister was,Mary was given French classes by her French grandmother,Before her sister was%2C Mary was given French classes by her French grandmother.
2,1,24,British English,filler,20,C,lower-bound elliptical,NA,NA,NA,,,Does he understand why and who didn't?
2,1,24,British English,filler,13,C,lower-bound elliptical,NA,NA,NA,,,A proof that God exists doesn't.
2,2,24,British English,experimental,2,C,[P ← P],passive,passive,FALSE,Before the confession was,the report was first read by the judge,Before the confession was%2C the report was first read by the judge.
2,1,24,British English,filler,46,C,lower-bound non-elliptical,NA,NA,NA,,,What do you wish that to buy would be no problem?
2,4,24,British English,filler,21,C,lower-bound elliptical,NA,NA,NA,,,Betsy did after Peter went to the store.
2,3,24,British English,experimental,23,C,[A ← P],active,passive,TRUE,After the department secretary did previously,the library was called by the department head,After the department secretary did previously%2C the library was called by the department head.
2,1,24,British English,filler,41,C,lower-bound non-elliptical,NA,NA,NA,,,The police found the painting that the journalist claimed who stole.
2,5,24,British English,filler,35,C,upper-bound non-elliptical,NA,NA,NA,,,Some people's handwriting is so bad that they can't read it themselves.
2,1,24,British English,experimental,14,C,[P ← P],passive,passive,FALSE,After his friend was previously,the student was questioned by Customs,After his friend was previously%2C the student was questioned by Customs.
2,5,24,British English,filler,28,C,upper-bound non-elliptical,NA,NA,NA,,,Sometimes Susan has a hard time keeping up in class.
2,5,24,British English,filler,31,C,upper-bound non-elliptical,NA,NA,NA,,,The soccer player was happy with his performance.
2,1,24,British English,experimental,15,C,[A ← P],active,passive,TRUE,After the police did on Monday,the accountant was investigated by the IRS on Tuesday,After the police did on Monday%2C the accountant was investigated by the IRS on Tuesday.
2,1,24,British English,filler,37,C,lower-bound non-elliptical,NA,NA,NA,,,If it hasn't dark%2C it is easier to saw pedestrians.
2,5,24,British English,filler,30,C,upper-bound non-elliptical,NA,NA,NA,,,The older daughter taught her younger sister how to cook.
2,1,24,British English,experimental,24,C,[P ← A],passive,active,TRUE,After the local paper was already,Tom criticized the local writers,After the local paper was already%2C Tom criticized the local writers.
2,1,24,British English,filler,47,C,lower-bound non-elliptical,NA,NA,NA,,,Don't do what he who doesn't hasn't yet been done.
2,4,24,British English,filler,22,C,lower-bound elliptical,NA,NA,NA,,,That Harry is a fool bothers Dick%2C and that Bill is a fool Sam.
2,1,24,British English,experimental,20,C,[P ← A],passive,active,TRUE,After the garage was previously,Jill photographed the house,After the garage was previously%2C Jill photographed the house.
2,3,24,British English,filler,39,C,lower-bound non-elliptical,NA,NA,NA,,,Most photographers forget whose they took picture within a day.
2,2,24,British English,filler,16,C,lower-bound elliptical,NA,NA,NA,,,Bill admires Sarah more than she is by anyone else.
2,2,24,British English,experimental,17,C,[A ← A],active,active,FALSE,After the club owner himself did earlier,the audience booed the guitarist,After the club owner himself did earlier%2C the audience booed the guitarist.
2,5,24,British English,filler,10,C,upper-bound elliptical,NA,NA,NA,,,If you really want to%2C we can get some ice cream on the way.
2,1,24,British English,filler,24,C,lower-bound elliptical,NA,NA,NA,,,Hailey melted the copper vase%2C and the magnesium one did%2C too.
2,1,24,British English,experimental,4,C,[P ← A],passive,active,TRUE,Before the loser was,the talk-show host hugged the winner,Before the loser was%2C the talk-show host hugged the winner.
2,5,24,British English,filler,12,C,upper-bound elliptical,NA,NA,NA,,,Mr. Jones lost his wallet and he has no idea where.
2,5,24,British English,filler,26,C,upper-bound non-elliptical,NA,NA,NA,,,Since you're not answering my question%2C I will assume that you don't know the answer.
2,1,24,British English,experimental,8,C,[P ← A],passive,active,TRUE,Before the accused was,the policeman’s question surprised the witness,Before the accused was%2C the policeman’s question surprised the witness.
2,5,24,British English,filler,33,C,upper-bound non-elliptical,NA,NA,NA,,,Most readers didn't expect the final plot twist.
2,2,24,British English,filler,18,C,lower-bound elliptical,NA,NA,NA,,,Kevin's diaper may be wet%2C but he won't.
2,3,24,British English,experimental,9,C,[A ← A],active,active,FALSE,Before the big corporations did,the local business exploited the autoworkers,Before the big corporations did%2C the local business exploited the autoworkers.
2,2,24,British English,filler,19,C,lower-bound elliptical,NA,NA,NA,,,I know why it happened but it wasn't.
2,5,24,British English,filler,4,C,upper-bound elliptical,NA,NA,NA,,,Some guests brought drinks to the party although they didn't have to.
2,2,24,British English,experimental,18,C,[P ← P],passive,passive,FALSE,After the chairs were already,the table was criticized by the seller,After the chairs were already%2C the table was criticized by the seller.
2,4,24,British English,filler,5,C,upper-bound elliptical,NA,NA,NA,,,The lawyer became angry and he shouldn't have.
2,5,24,British English,filler,34,C,upper-bound non-elliptical,NA,NA,NA,,,Environmentally aware citizens recycle plastic bags.
2,1,24,British English,experimental,13,C,[A ← A],active,active,FALSE,After John did already,Bill pushed the new girl again,After John did already%2C Bill pushed the new girl again.
2,5,24,British English,filler,11,C,upper-bound elliptical,NA,NA,NA,,,John knew he would fall asleep eventually%2C but he didn't know when.
2,4,24,British English,filler,25,C,upper-bound non-elliptical,NA,NA,NA,,,I can't hear the announcement but I don't care.
2,1,24,British English,experimental,16,C,[P ← A],passive,active,TRUE,After the tennis team was previously,the Cubans beat the volleyball team,After the tennis team was previously%2C the Cubans beat the volleyball team.
2,1,24,British English,filler,42,C,lower-bound non-elliptical,NA,NA,NA,,,Claire isn't as fast anymore as the reporter remembers who was five years ago.
2,4,24,British English,filler,43,C,lower-bound non-elliptical,NA,NA,NA,,,Who did the press secretary ask a question before we interviewed?
2,2,24,British English,experimental,1,C,[A ← A],active,active,FALSE,Before her mother did,Mary’s father scolded her,Before her mother did%2C Mary’s father scolded her.
2,5,24,British English,filler,36,C,upper-bound non-elliptical,NA,NA,NA,,,You enjoy Action TV shows while I prefer documentaries.
2,1,24,British English,filler,44,C,lower-bound non-elliptical,NA,NA,NA,,,The man wondered whether is worth reading what for him.
2,2,24,British English,experimental,11,C,[A ← P],active,passive,TRUE,Before the lawyer did,the suspect was questioned by the police,Before the lawyer did%2C the suspect was questioned by the police.
2,5,24,British English,filler,1,C,upper-bound elliptical,NA,NA,NA,,,The reporter claimed that the decision wasn't made by the president%2C even though it most definitely was.
2,5,24,British English,filler,6,C,upper-bound elliptical,NA,NA,NA,,,This is fascinating%2C it really is.
2,3,24,British English,experimental,19,C,[A ← P],active,passive,TRUE,After the critic did already,the dessert was praised by the customer,After the critic did already%2C the dessert was praised by the customer.
2,1,24,British English,filler,45,C,lower-bound non-elliptical,NA,NA,NA,,,The mechanic didn't know what the attempt to repair ultimately damaged the car.
2,1,24,British English,filler,15,C,lower-bound elliptical,NA,NA,NA,,,Beth's mother invited more people to her wedding than were by Beth herself.
2,2,24,British English,experimental,5,C,[A ← A],active,active,FALSE,Before the advisor did,the old schoolmaster praised the student,Before the advisor did%2C the old schoolmaster praised the student.
2,3,24,British English,filler,17,C,lower-bound elliptical,NA,NA,NA,,,Most people can't lift heavy rocks%2C but I know a guy who can and bend a crowbar%2C too.
18,5,21,American English,filler,26,D,upper-bound non-elliptical,NA,NA,NA,,,Since you're not answering my question%2C I will assume that you don't know the answer.
18,3,21,American English,experimental,8,D,[A ← A],active,active,FALSE,Before the lawyer did,the policeman’s question surprised the witness,Before the lawyer did%2C the policeman’s question surprised the witness.
18,2,21,American English,filler,41,D,lower-bound non-elliptical,NA,NA,NA,,,The police found the painting that the journalist claimed who stole.
18,5,21,American English,filler,34,D,upper-bound non-elliptical,NA,NA,NA,,,Environmentally aware citizens recycle plastic bags.
18,4,21,American English,experimental,13,D,[P ← P],passive,passive,FALSE,After Jill was already,the new girl was pushed again by Bill,After Jill was already%2C the new girl was pushed again by Bill.
18,4,21,American English,filler,23,D,lower-bound elliptical,NA,NA,NA,,,Joe was murdered%2C but we don't know who.
18,4,21,American English,filler,16,D,lower-bound elliptical,NA,NA,NA,,,Bill admires Sarah more than she is by anyone else.
18,4,21,American English,experimental,1,D,[P ← P],passive,passive,FALSE,Before her sister was,Mary was scolded by her father,Before her sister was%2C Mary was scolded by her father.
18,5,21,American English,filler,3,D,upper-bound elliptical,NA,NA,NA,,,I wish I knew where the remote control is%2C but I don't.
18,3,21,American English,filler,40,D,lower-bound non-elliptical,NA,NA,NA,,,What did you meet a janitor that hates?
18,4,21,American English,experimental,6,D,[A ← P],active,passive,TRUE,Before her French aunt did,Mary was given French classes by her French grandmother,Before her French aunt did%2C Mary was given French classes by her French grandmother.
18,4,21,American English,filler,17,D,lower-bound elliptical,NA,NA,NA,,,Most people can't lift heavy rocks%2C but I know a guy who can and bend a crowbar%2C too.
18,2,21,American English,filler,38,D,lower-bound non-elliptical,NA,NA,NA,,,Whose didn't you get email?
18,5,21,American English,experimental,5,D,[P ← P],passive,passive,FALSE,Before the Teaching Assistant was,the student was praised by the old schoolmaster,Before the Teaching Assistant was%2C the student was praised by the old schoolmaster.
18,5,21,American English,filler,10,D,upper-bound elliptical,NA,NA,NA,,,If you really want to%2C we can get some ice cream on the way.
18,5,21,American English,filler,25,D,upper-bound non-elliptical,NA,NA,NA,,,I can't hear the announcement but I don't care.
18,3,21,American English,experimental,2,D,[A ← P],active,passive,TRUE,Before the lawyer did,the report was first read by the judge,Before the lawyer did%2C the report was first read by the judge.
18,5,21,American English,filler,8,D,upper-bound elliptical,NA,NA,NA,,,Somebody else should take out the garbage because I can't today.
18,5,21,American English,filler,2,D,upper-bound elliptical,NA,NA,NA,,,The thief was arrested and his brother was as well.
18,4,21,American English,experimental,18,D,[A ← P],active,passive,TRUE,After the buyer did already,the table was criticized by the seller,After the buyer did already%2C the table was criticized by the seller.
18,5,21,American English,filler,27,D,upper-bound non-elliptical,NA,NA,NA,,,Stop me when my time is up!
18,3,21,American English,filler,14,D,lower-bound elliptical,NA,NA,NA,,,Even in areas where tap water is potable%2C one shouldn't.
18,3,21,American English,experimental,23,D,[P ← A],passive,active,TRUE,After the records office was previously,the department head called the library,After the records office was previously%2C the department head called the library.
18,3,21,American English,filler,19,D,lower-bound elliptical,NA,NA,NA,,,I know why it happened but it wasn't.
18,4,21,American English,filler,15,D,lower-bound elliptical,NA,NA,NA,,,Beth's mother invited more people to her wedding than were by Beth herself.
18,4,21,American English,experimental,24,D,[A ← A],active,active,FALSE,After the professor did already,Tom criticized the local writers,After the professor did already%2C Tom criticized the local writers.
18,5,21,American English,filler,28,D,upper-bound non-elliptical,NA,NA,NA,,,Sometimes Susan has a hard time keeping up in class.
18,4,21,American English,filler,47,D,lower-bound non-elliptical,NA,NA,NA,,,Don't do what he who doesn't hasn't yet been done.
18,5,21,American English,experimental,16,D,[A ← A],active,active,FALSE,After the Germans did previously,the Cubans beat the volleyball team,After the Germans did previously%2C the Cubans beat the volleyball team.
18,3,21,American English,filler,13,D,lower-bound elliptical,NA,NA,NA,,,A proof that God exists doesn't.
18,5,21,American English,filler,29,D,upper-bound non-elliptical,NA,NA,NA,,,Good coaches know which players play well under pressure.
18,4,21,American English,experimental,9,D,[P ← P],passive,passive,FALSE,Before the metal workers were,the autoworkers were exploited by the local business,Before the metal workers were%2C the autoworkers were exploited by the local business.
18,5,21,American English,filler,6,D,upper-bound elliptical,NA,NA,NA,,,This is fascinating%2C it really is.
18,4,21,American English,filler,12,D,upper-bound elliptical,NA,NA,NA,,,Mr. Jones lost his wallet and he has no idea where.
18,5,21,American English,experimental,4,D,[A ← A],active,active,FALSE,Before the announcer did,the talk-show host hugged the winner,Before the announcer did%2C the talk-show host hugged the winner.
18,3,21,American English,filler,48,D,lower-bound non-elliptical,NA,NA,NA,,,The author wasn't sure who she heard who ran into.
18,5,21,American English,filler,31,D,upper-bound non-elliptical,NA,NA,NA,,,The soccer player was happy with his performance.
18,4,21,American English,experimental,12,D,[A ← A],active,active,FALSE,Before the insurance company did,the child’s parents blamed the doctor,Before the insurance company did%2C the child’s parents blamed the doctor.
18,5,21,American English,filler,30,D,upper-bound non-elliptical,NA,NA,NA,,,The older daughter taught her younger sister how to cook.
18,5,21,American English,filler,36,D,upper-bound non-elliptical,NA,NA,NA,,,You enjoy Action TV shows while I prefer documentaries.
18,3,21,American English,experimental,22,D,[A ← P],active,passive,TRUE,After Sandra did already,the secret recipe was revealed by Kate,After Sandra did already%2C the secret recipe was revealed by Kate.
18,2,21,American English,filler,46,D,lower-bound non-elliptical,NA,NA,NA,,,What do you wish that to buy would be no problem?
18,5,21,American English,filler,1,D,upper-bound elliptical,NA,NA,NA,,,The reporter claimed that the decision wasn't made by the president%2C even though it most definitely was.
18,2,21,American English,experimental,7,D,[P ← A],passive,active,TRUE,Before her sisters were,Susan’s bank offered her a loan,Before her sisters were%2C Susan’s bank offered her a loan.
18,5,21,American English,filler,33,D,upper-bound non-elliptical,NA,NA,NA,,,Most readers didn't expect the final plot twist.
18,3,21,American English,filler,24,D,lower-bound elliptical,NA,NA,NA,,,Hailey melted the copper vase%2C and the magnesium one did%2C too.
18,2,21,American English,experimental,3,D,[P ← A],passive,active,TRUE,Before the policeman was,the Mayor first praised the fireman,Before the policeman was%2C the Mayor first praised the fireman.
18,5,21,American English,filler,5,D,upper-bound elliptical,NA,NA,NA,,,The lawyer became angry and he shouldn't have.
18,1,21,American English,filler,44,D,lower-bound non-elliptical,NA,NA,NA,,,The man wondered whether is worth reading what for him.
18,2,21,American English,experimental,11,D,[P ← A],passive,active,TRUE,Before the witness was,the police questioned the suspect,Before the witness was%2C the police questioned the suspect.
18,1,21,American English,filler,42,D,lower-bound non-elliptical,NA,NA,NA,,,Claire isn't as fast anymore as the reporter remembers who was five years ago.
18,2,21,American English,filler,9,D,upper-bound elliptical,NA,NA,NA,,,Bob's always wanted to travel to Bolivia and now he finally did.
18,3,21,American English,experimental,21,D,[P ← P],passive,passive,FALSE,After the 200 meter one was previously,the 400 meter record was broken by Phelps,After the 200 meter one was previously%2C the 400 meter record was broken by Phelps.
18,5,21,American English,filler,4,D,upper-bound elliptical,NA,NA,NA,,,Some guests brought drinks to the party although they didn't have to.
18,4,21,American English,filler,20,D,lower-bound elliptical,NA,NA,NA,,,Does he understand why and who didn't?
18,3,21,American English,experimental,14,D,[A ← P],active,passive,TRUE,After Immigration did previously,the student was questioned by Customs,After Immigration did previously%2C the student was questioned by Customs.
18,2,21,American English,filler,22,D,lower-bound elliptical,NA,NA,NA,,,That Harry is a fool bothers Dick%2C and that Bill is a fool Sam.
18,5,21,American English,filler,32,D,upper-bound non-elliptical,NA,NA,NA,,,The cellist made a mistake in her favorite piece.
18,3,21,American English,experimental,10,D,[A ← P],active,passive,TRUE,Before the TV networks did,the Mayor was interviewed by the newspapers,Before the TV networks did%2C the Mayor was interviewed by the newspapers.
18,2,21,American English,filler,21,D,lower-bound elliptical,NA,NA,NA,,,Betsy did after Peter went to the store.
18,3,21,American English,filler,43,D,lower-bound non-elliptical,NA,NA,NA,,,Who did the press secretary ask a question before we interviewed?
18,3,21,American English,experimental,17,D,[P ← P],passive,passive,FALSE,After the lead singer herself was earlier,the guitarist was booed by the audience,After the lead singer herself was earlier%2C the guitarist was booed by the audience.
18,2,21,American English,filler,39,D,lower-bound non-elliptical,NA,NA,NA,,,Most photographers forget whose they took picture within a day.
18,5,21,American English,filler,11,D,upper-bound elliptical,NA,NA,NA,,,John knew he would fall asleep eventually%2C but he didn't know when.
18,4,21,American English,experimental,20,D,[A ← A],active,active,FALSE,After Sally did previously,Jill photographed the house,After Sally did previously%2C Jill photographed the house.
18,3,21,American English,filler,7,D,upper-bound elliptical,NA,NA,NA,,,Your son was worried that you'll be angry so I told him you won't.
18,2,21,American English,filler,18,D,lower-bound elliptical,NA,NA,NA,,,Kevin's diaper may be wet%2C but he won't.
18,4,21,American English,experimental,15,D,[P ← A],passive,active,TRUE,After the CEO was on Monday,the IRS investigated the accountant on Tuesday,After the CEO was on Monday%2C the IRS investigated the accountant on Tuesday.
18,2,21,American English,filler,45,D,lower-bound non-elliptical,NA,NA,NA,,,The mechanic didn't know what the attempt to repair ultimately damaged the car.
18,1,21,American English,filler,37,D,lower-bound non-elliptical,NA,NA,NA,,,If it hasn't dark%2C it is easier to saw pedestrians.
18,3,21,American English,experimental,19,D,[P ← A],passive,active,TRUE,After the appetizer was already,the customer praised the dessert,After the appetizer was already%2C the customer praised the dessert.
18,5,21,American English,filler,35,D,upper-bound non-elliptical,NA,NA,NA,,,Some people's handwriting is so bad that they can't read it themselves.
3,5,18,American English,filler,10,D,upper-bound elliptical,NA,NA,NA,,,If you really want to%2C we can get some ice cream on the way.
3,3,18,American English,experimental,7,D,[P ← A],passive,active,TRUE,Before her sisters were,Susan’s bank offered her a loan,Before her sisters were%2C Susan’s bank offered her a loan.
3,5,18,American English,filler,28,D,upper-bound non-elliptical,NA,NA,NA,,,Sometimes Susan has a hard time keeping up in class.
3,5,18,American English,filler,27,D,upper-bound non-elliptical,NA,NA,NA,,,Stop me when my time is up!
3,3,18,American English,experimental,21,D,[P ← P],passive,passive,FALSE,After the 200 meter one was previously,the 400 meter record was broken by Phelps,After the 200 meter one was previously%2C the 400 meter record was broken by Phelps.
3,3,18,American English,filler,43,D,lower-bound non-elliptical,NA,NA,NA,,,Who did the press secretary ask a question before we interviewed?
3,1,18,American English,filler,46,D,lower-bound non-elliptical,NA,NA,NA,,,What do you wish that to buy would be no problem?
3,1,18,American English,experimental,22,D,[A ← P],active,passive,TRUE,After Sandra did already,the secret recipe was revealed by Kate,After Sandra did already%2C the secret recipe was revealed by Kate.
3,3,18,American English,filler,13,D,lower-bound elliptical,NA,NA,NA,,,A proof that God exists doesn't.
3,1,18,American English,filler,44,D,lower-bound non-elliptical,NA,NA,NA,,,The man wondered whether is worth reading what for him.
3,3,18,American English,experimental,10,D,[A ← P],active,passive,TRUE,Before the TV networks did,the Mayor was interviewed by the newspapers,Before the TV networks did%2C the Mayor was interviewed by the newspapers.
3,1,18,American English,filler,47,D,lower-bound non-elliptical,NA,NA,NA,,,Don't do what he who doesn't hasn't yet been done.
3,3,18,American English,filler,20,D,lower-bound elliptical,NA,NA,NA,,,Does he understand why and who didn't?
3,5,18,American English,experimental,9,D,[P ← P],passive,passive,FALSE,Before the metal workers were,the autoworkers were exploited by the local business,Before the metal workers were%2C the autoworkers were exploited by the local business.
3,5,18,American English,filler,33,D,upper-bound non-elliptical,NA,NA,NA,,,Most readers didn't expect the final plot twist.
3,3,18,American English,filler,7,D,upper-bound elliptical,NA,NA,NA,,,Your son was worried that you'll be angry so I told him you won't.
3,3,18,American English,experimental,11,D,[P ← A],passive,active,TRUE,Before the witness was,the police questioned the suspect,Before the witness was%2C the police questioned the suspect.
3,5,18,American English,filler,2,D,upper-bound elliptical,NA,NA,NA,,,The thief was arrested and his brother was as well.
3,3,18,American English,filler,38,D,lower-bound non-elliptical,NA,NA,NA,,,Whose didn't you get email?
3,3,18,American English,experimental,2,D,[A ← P],active,passive,TRUE,Before the lawyer did,the report was first read by the judge,Before the lawyer did%2C the report was first read by the judge.
3,1,18,American English,filler,16,D,lower-bound elliptical,NA,NA,NA,,,Bill admires Sarah more than she is by anyone else.
3,3,18,American English,filler,5,D,upper-bound elliptical,NA,NA,NA,,,The lawyer became angry and he shouldn't have.
3,3,18,American English,experimental,13,D,[P ← P],passive,passive,FALSE,After Jill was already,the new girl was pushed again by Bill,After Jill was already%2C the new girl was pushed again by Bill.
3,1,18,American English,filler,19,D,lower-bound elliptical,NA,NA,NA,,,I know why it happened but it wasn't.
3,5,18,American English,filler,8,D,upper-bound elliptical,NA,NA,NA,,,Somebody else should take out the garbage because I can't today.
3,3,18,American English,experimental,24,D,[A ← A],active,active,FALSE,After the professor did already,Tom criticized the local writers,After the professor did already%2C Tom criticized the local writers.
3,3,18,American English,filler,14,D,lower-bound elliptical,NA,NA,NA,,,Even in areas where tap water is potable%2C one shouldn't.
3,3,18,American English,filler,23,D,lower-bound elliptical,NA,NA,NA,,,Joe was murdered%2C but we don't know who.
3,3,18,American English,experimental,14,D,[A ← P],active,passive,TRUE,After Immigration did previously,the student was questioned by Customs,After Immigration did previously%2C the student was questioned by Customs.
3,1,18,American English,filler,37,D,lower-bound non-elliptical,NA,NA,NA,,,If it hasn't dark%2C it is easier to saw pedestrians.
3,1,18,American English,filler,40,D,lower-bound non-elliptical,NA,NA,NA,,,What did you meet a janitor that hates?
3,1,18,American English,experimental,23,D,[P ← A],passive,active,TRUE,After the records office was previously,the department head called the library,After the records office was previously%2C the department head called the library.
3,5,18,American English,filler,11,D,upper-bound elliptical,NA,NA,NA,,,John knew he would fall asleep eventually%2C but he didn't know when.
3,3,18,American English,filler,18,D,lower-bound elliptical,NA,NA,NA,,,Kevin's diaper may be wet%2C but he won't.
3,3,18,American English,experimental,20,D,[A ← A],active,active,FALSE,After Sally did previously,Jill photographed the house,After Sally did previously%2C Jill photographed the house.
3,3,18,American English,filler,21,D,lower-bound elliptical,NA,NA,NA,,,Betsy did after Peter went to the store.
3,5,18,American English,filler,26,D,upper-bound non-elliptical,NA,NA,NA,,,Since you're not answering my question%2C I will assume that you don't know the answer.
3,3,18,American English,experimental,15,D,[P ← A],passive,active,TRUE,After the CEO was on Monday,the IRS investigated the accountant on Tuesday,After the CEO was on Monday%2C the IRS investigated the accountant on Tuesday.
3,3,18,American English,filler,41,D,lower-bound non-elliptical,NA,NA,NA,,,The police found the painting that the journalist claimed who stole.
3,3,18,American English,filler,24,D,lower-bound elliptical,NA,NA,NA,,,Hailey melted the copper vase%2C and the magnesium one did%2C too.
3,3,18,American English,experimental,18,D,[A ← P],active,passive,TRUE,After the buyer did already,the table was criticized by the seller,After the buyer did already%2C the table was criticized by the seller.
3,4,18,American English,filler,30,D,upper-bound non-elliptical,NA,NA,NA,,,The older daughter taught her younger sister how to cook.
3,5,18,American English,filler,25,D,upper-bound non-elliptical,NA,NA,NA,,,I can't hear the announcement but I don't care.
3,3,18,American English,experimental,3,D,[P ← A],passive,active,TRUE,Before the policeman was,the Mayor first praised the fireman,Before the policeman was%2C the Mayor first praised the fireman.
3,1,18,American English,filler,48,D,lower-bound non-elliptical,NA,NA,NA,,,The author wasn't sure who she heard who ran into.
3,4,18,American English,filler,17,D,lower-bound elliptical,NA,NA,NA,,,Most people can't lift heavy rocks%2C but I know a guy who can and bend a crowbar%2C too.
3,5,18,American English,experimental,4,D,[A ← A],active,active,FALSE,Before the announcer did,the talk-show host hugged the winner,Before the announcer did%2C the talk-show host hugged the winner.
3,5,18,American English,filler,3,D,upper-bound elliptical,NA,NA,NA,,,I wish I knew where the remote control is%2C but I don't.
3,5,18,American English,filler,36,D,upper-bound non-elliptical,NA,NA,NA,,,You enjoy Action TV shows while I prefer documentaries.
3,4,18,American English,experimental,16,D,[A ← A],active,active,FALSE,After the Germans did previously,the Cubans beat the volleyball team,After the Germans did previously%2C the Cubans beat the volleyball team.
3,5,18,American English,filler,31,D,upper-bound non-elliptical,NA,NA,NA,,,The soccer player was happy with his performance.
3,5,18,American English,filler,4,D,upper-bound elliptical,NA,NA,NA,,,Some guests brought drinks to the party although they didn't have to.
3,5,18,American English,experimental,12,D,[A ← A],active,active,FALSE,Before the insurance company did,the child’s parents blamed the doctor,Before the insurance company did%2C the child’s parents blamed the doctor.
3,2,18,American English,filler,22,D,lower-bound elliptical,NA,NA,NA,,,That Harry is a fool bothers Dick%2C and that Bill is a fool Sam.
3,5,18,American English,filler,12,D,upper-bound elliptical,NA,NA,NA,,,Mr. Jones lost his wallet and he has no idea where.
3,3,18,American English,experimental,17,D,[P ← P],passive,passive,FALSE,After the lead singer herself was earlier,the guitarist was booed by the audience,After the lead singer herself was earlier%2C the guitarist was booed by the audience.
3,3,18,American English,filler,45,D,lower-bound non-elliptical,NA,NA,NA,,,The mechanic didn't know what the attempt to repair ultimately damaged the car.
3,5,18,American English,filler,6,D,upper-bound elliptical,NA,NA,NA,,,This is fascinating%2C it really is.
3,2,18,American English,experimental,19,D,[P ← A],passive,active,TRUE,After the appetizer was already,the customer praised the dessert,After the appetizer was already%2C the customer praised the dessert.
3,2,18,American English,filler,15,D,lower-bound elliptical,NA,NA,NA,,,Beth's mother invited more people to her wedding than were by Beth herself.
3,5,18,American English,filler,32,D,upper-bound non-elliptical,NA,NA,NA,,,The cellist made a mistake in her favorite piece.
3,5,18,American English,experimental,1,D,[P ← P],passive,passive,FALSE,Before her sister was,Mary was scolded by her father,Before her sister was%2C Mary was scolded by her father.
3,5,18,American English,filler,1,D,upper-bound elliptical,NA,NA,NA,,,The reporter claimed that the decision wasn't made by the president%2C even though it most definitely was.
3,2,18,American English,filler,42,D,lower-bound non-elliptical,NA,NA,NA,,,Claire isn't as fast anymore as the reporter remembers who was five years ago.
3,3,18,American English,experimental,5,D,[P ← P],passive,passive,FALSE,Before the Teaching Assistant was,the student was praised by the old schoolmaster,Before the Teaching Assistant was%2C the student was praised by the old schoolmaster.
3,5,18,American English,filler,29,D,upper-bound non-elliptical,NA,NA,NA,,,Good coaches know which players play well under pressure.
3,5,18,American English,filler,34,D,upper-bound non-elliptical,NA,NA,NA,,,Environmentally aware citizens recycle plastic bags.
3,3,18,American English,experimental,6,D,[A ← P],active,passive,TRUE,Before her French aunt did,Mary was given French classes by her French grandmother,Before her French aunt did%2C Mary was given French classes by her French grandmother.
3,5,18,American English,filler,35,D,upper-bound non-elliptical,NA,NA,NA,,,Some people's handwriting is so bad that they can't read it themselves.
3,3,18,American English,filler,39,D,lower-bound non-elliptical,NA,NA,NA,,,Most photographers forget whose they took picture within a day.
3,3,18,American English,experimental,8,D,[A ← A],active,active,FALSE,Before the lawyer did,the policeman’s question surprised the witness,Before the lawyer did%2C the policeman’s question surprised the witness.
3,3,18,American English,filler,9,D,upper-bound elliptical,NA,NA,NA,,,Bob's always wanted to travel to Bolivia and now he finally did.
16,5,19,American English,filler,26,B,upper-bound non-elliptical,NA,NA,NA,,,Since you're not answering my question%2C I will assume that you don't know the answer.
16,3,19,American English,experimental,24,B,[A ← P],active,passive,TRUE,After the professor did already,the local writers were criticized by Tom,After the professor did already%2C the local writers were criticized by Tom.
16,2,19,American English,filler,18,B,lower-bound elliptical,NA,NA,NA,,,Kevin's diaper may be wet%2C but he won't.
16,4,19,American English,filler,43,B,lower-bound non-elliptical,NA,NA,NA,,,Who did the press secretary ask a question before we interviewed?
16,3,19,American English,experimental,12,B,[A ← P],active,passive,TRUE,Before the insurance company did,the doctor was blamed by the child’s parents,Before the insurance company did%2C the doctor was blamed by the child’s parents.
16,5,19,American English,filler,35,B,upper-bound non-elliptical,NA,NA,NA,,,Some people's handwriting is so bad that they can't read it themselves.
16,4,19,American English,filler,36,B,upper-bound non-elliptical,NA,NA,NA,,,You enjoy Action TV shows while I prefer documentaries.
16,2,19,American English,experimental,13,B,[P ← A],passive,active,TRUE,After Jill was already,Bill pushed the new girl again,After Jill was already%2C Bill pushed the new girl again.
16,5,19,American English,filler,7,B,upper-bound elliptical,NA,NA,NA,,,Your son was worried that you'll be angry so I told him you won't.
16,4,19,American English,filler,39,B,lower-bound non-elliptical,NA,NA,NA,,,Most photographers forget whose they took picture within a day.
16,2,19,American English,experimental,23,B,[P ← P],passive,passive,FALSE,After the records office was previously,the library was called by the department head,After the records office was previously%2C the library was called by the department head.
16,4,19,American English,filler,5,B,upper-bound elliptical,NA,NA,NA,,,The lawyer became angry and he shouldn't have.
16,4,19,American English,filler,17,B,lower-bound elliptical,NA,NA,NA,,,Most people can't lift heavy rocks%2C but I know a guy who can and bend a crowbar%2C too.
16,5,19,American English,experimental,14,B,[A ← A],active,active,FALSE,After Immigration did previously,Customs questioned the student,After Immigration did previously%2C Customs questioned the student.
16,5,19,American English,filler,3,B,upper-bound elliptical,NA,NA,NA,,,I wish I knew where the remote control is%2C but I don't.
16,5,19,American English,filler,32,B,upper-bound non-elliptical,NA,NA,NA,,,The cellist made a mistake in her favorite piece.
16,4,19,American English,experimental,11,B,[P ← P],passive,passive,FALSE,Before the witness was,the suspect was questioned by the police,Before the witness was%2C the suspect was questioned by the police.
16,5,19,American English,filler,30,B,upper-bound non-elliptical,NA,NA,NA,,,The older daughter taught her younger sister how to cook.
16,5,19,American English,filler,8,B,upper-bound elliptical,NA,NA,NA,,,Somebody else should take out the garbage because I can't today.
16,5,19,American English,experimental,7,B,[P ← P],passive,passive,FALSE,Before her sisters were,Susan was offered a loan by the bank,Before her sisters were%2C Susan was offered a loan by the bank.
16,5,19,American English,filler,2,B,upper-bound elliptical,NA,NA,NA,,,The thief was arrested and his brother was as well.
16,4,19,American English,filler,41,B,lower-bound non-elliptical,NA,NA,NA,,,The police found the painting that the journalist claimed who stole.
16,4,19,American English,experimental,20,B,[A ← P],active,passive,TRUE,After Sally did previously,the house was photographed by Jill,After Sally did previously%2C the house was photographed by Jill.
16,2,19,American English,filler,22,B,lower-bound elliptical,NA,NA,NA,,,That Harry is a fool bothers Dick%2C and that Bill is a fool Sam.
16,3,19,American English,filler,20,B,lower-bound elliptical,NA,NA,NA,,,Does he understand why and who didn't?
16,5,19,American English,experimental,2,B,[A ← A],active,active,FALSE,Before the lawyer did,the judge read the report first,Before the lawyer did%2C the judge read the report first.
16,4,19,American English,filler,48,B,lower-bound non-elliptical,NA,NA,NA,,,The author wasn't sure who she heard who ran into.
16,5,19,American English,filler,1,B,upper-bound elliptical,NA,NA,NA,,,The reporter claimed that the decision wasn't made by the president%2C even though it most definitely was.
16,4,19,American English,experimental,22,B,[A ← A],active,active,FALSE,After Sandra did already,Kate revealed the secret recipe,After Sandra did already%2C Kate revealed the secret recipe.
16,5,19,American English,filler,28,B,upper-bound non-elliptical,NA,NA,NA,,,Sometimes Susan has a hard time keeping up in class.
16,4,19,American English,filler,14,B,lower-bound elliptical,NA,NA,NA,,,Even in areas where tap water is potable%2C one shouldn't.
16,3,19,American English,experimental,17,B,[P ← A],passive,active,TRUE,After the lead singer herself was earlier,the audience booed the guitarist,After the lead singer herself was earlier%2C the audience booed the guitarist.
16,2,19,American English,filler,46,B,lower-bound non-elliptical,NA,NA,NA,,,What do you wish that to buy would be no problem?
16,3,19,American English,filler,38,B,lower-bound non-elliptical,NA,NA,NA,,,Whose didn't you get email?
16,3,19,American English,experimental,5,B,[P ← A],passive,active,TRUE,Before the Teaching Assistant was,the old schoolmaster praised the student,Before the Teaching Assistant was%2C the old schoolmaster praised the student.
16,3,19,American English,filler,42,B,lower-bound non-elliptical,NA,NA,NA,,,Claire isn't as fast anymore as the reporter remembers who was five years ago.
16,4,19,American English,filler,15,B,lower-bound elliptical,NA,NA,NA,,,Beth's mother invited more people to her wedding than were by Beth herself.
16,4,19,American English,experimental,19,B,[P ← P],passive,passive,FALSE,After the appetizer was already,the dessert was praised by the customer,After the appetizer was already%2C the dessert was praised by the customer.
16,5,19,American English,filler,25,B,upper-bound non-elliptical,NA,NA,NA,,,I can't hear the announcement but I don't care.
16,4,19,American English,filler,44,B,lower-bound non-elliptical,NA,NA,NA,,,The man wondered whether is worth reading what for him.
16,4,19,American English,experimental,21,B,[P ← A],passive,active,TRUE,After the 200 meter one was previously,Phelps broke the 400 meter record,After the 200 meter one was previously%2C Phelps broke the 400 meter record.
16,5,19,American English,filler,29,B,upper-bound non-elliptical,NA,NA,NA,,,Good coaches know which players play well under pressure.
16,5,19,American English,filler,34,B,upper-bound non-elliptical,NA,NA,NA,,,Environmentally aware citizens recycle plastic bags.
16,4,19,American English,experimental,16,B,[A ← P],active,passive,TRUE,After the Germans did previously,the volleyball team was beaten by the Cubans,After the Germans did previously%2C the volleyball team was beaten by the Cubans.
16,5,19,American English,filler,31,B,upper-bound non-elliptical,NA,NA,NA,,,The soccer player was happy with his performance.
16,2,19,American English,filler,45,B,lower-bound non-elliptical,NA,NA,NA,,,The mechanic didn't know what the attempt to repair ultimately damaged the car.
16,3,19,American English,experimental,4,B,[A ← P],active,passive,TRUE,Before the announcer did,the winner was hugged by the talk-show host,Before the announcer did%2C the winner was hugged by the talk-show host.
16,5,19,American English,filler,11,B,upper-bound elliptical,NA,NA,NA,,,John knew he would fall asleep eventually%2C but he didn't know when.
16,3,19,American English,filler,24,B,lower-bound elliptical,NA,NA,NA,,,Hailey melted the copper vase%2C and the magnesium one did%2C too.
16,4,19,American English,experimental,15,B,[P ← P],passive,passive,FALSE,After the CEO was on Monday,the accountant was investigated by the IRS on Tuesday,After the CEO was on Monday%2C the accountant was investigated by the IRS on Tuesday.
16,5,19,American English,filler,33,B,upper-bound non-elliptical,NA,NA,NA,,,Most readers didn't expect the final plot twist.
16,5,19,American English,filler,4,B,upper-bound elliptical,NA,NA,NA,,,Some guests brought drinks to the party although they didn't have to.
16,4,19,American English,experimental,3,B,[P ← P],passive,passive,FALSE,Before the policeman was,the fireman was first praised by the Mayor,Before the policeman was%2C the fireman was first praised by the Mayor.
16,4,19,American English,filler,12,B,upper-bound elliptical,NA,NA,NA,,,Mr. Jones lost his wallet and he has no idea where.
16,3,19,American English,filler,21,B,lower-bound elliptical,NA,NA,NA,,,Betsy did after Peter went to the store.
16,4,19,American English,experimental,18,B,[A ← A],active,active,FALSE,After the buyer did already,the seller criticized the table,After the buyer did already%2C the seller criticized the table.
16,5,19,American English,filler,27,B,upper-bound non-elliptical,NA,NA,NA,,,Stop me when my time is up!
16,2,19,American English,filler,47,B,lower-bound non-elliptical,NA,NA,NA,,,Don't do what he who doesn't hasn't yet been done.
16,5,19,American English,experimental,6,B,[A ← A],active,active,FALSE,Before her French aunt did,Mary’s French grandmother gave her French classes,Before her French aunt did%2C Mary’s French grandmother gave her French classes.
16,2,19,American English,filler,37,B,lower-bound non-elliptical,NA,NA,NA,,,If it hasn't dark%2C it is easier to saw pedestrians.
16,4,19,American English,filler,9,B,upper-bound elliptical,NA,NA,NA,,,Bob's always wanted to travel to Bolivia and now he finally did.
16,4,19,American English,experimental,10,B,[A ← A],active,active,FALSE,Before the TV networks did,the newspaper interviewed the Mayor,Before the TV networks did%2C the newspaper interviewed the Mayor.
16,4,19,American English,filler,23,B,lower-bound elliptical,NA,NA,NA,,,Joe was murdered%2C but we don't know who.
16,5,19,American English,filler,10,B,upper-bound elliptical,NA,NA,NA,,,If you really want to%2C we can get some ice cream on the way.
16,3,19,American English,experimental,9,B,[P ← A],passive,active,TRUE,Before the metal workers were,the local business exploited the autoworkers,Before the metal workers were%2C the local business exploited the autoworkers.
16,2,19,American English,filler,19,B,lower-bound elliptical,NA,NA,NA,,,I know why it happened but it wasn't.
16,5,19,American English,filler,6,B,upper-bound elliptical,NA,NA,NA,,,This is fascinating%2C it really is.
16,3,19,American English,experimental,8,B,[A ← P],active,passive,TRUE,Before the lawyer did,the witness was surprised by the policeman’s question,Before the lawyer did%2C the witness was surprised by the policeman’s question.
16,4,19,American English,filler,16,B,lower-bound elliptical,NA,NA,NA,,,Bill admires Sarah more than she is by anyone else.
16,3,19,American English,filler,13,B,lower-bound elliptical,NA,NA,NA,,,A proof that God exists doesn't.
16,3,19,American English,experimental,1,B,[P ← A],passive,active,TRUE,Before her sister was,Mary’s father scolded her,Before her sister was%2C Mary’s father scolded her.
16,1,19,American English,filler,40,B,lower-bound non-elliptical,NA,NA,NA,,,What did you meet a janitor that hates?
11,5,20,American English,filler,33,C,upper-bound non-elliptical,NA,NA,NA,,,Most readers didn't expect the final plot twist.
11,5,20,American English,filler,32,C,upper-bound non-elliptical,NA,NA,NA,,,The cellist made a mistake in her favorite piece.
11,4,20,American English,experimental,24,C,[P ← A],passive,active,TRUE,After the local paper was already,Tom criticized the local writers,After the local paper was already%2C Tom criticized the local writers.
11,5,20,American English,filler,31,C,upper-bound non-elliptical,NA,NA,NA,,,The soccer player was happy with his performance.
11,5,20,American English,filler,3,C,upper-bound elliptical,NA,NA,NA,,,I wish I knew where the remote control is%2C but I don't.
11,3,20,American English,experimental,2,C,[P ← P],passive,passive,FALSE,Before the confession was,the report was first read by the judge,Before the confession was%2C the report was first read by the judge.
11,5,20,American English,filler,1,C,upper-bound elliptical,NA,NA,NA,,,The reporter claimed that the decision wasn't made by the president%2C even though it most definitely was.
11,5,20,American English,filler,30,C,upper-bound non-elliptical,NA,NA,NA,,,The older daughter taught her younger sister how to cook.
11,4,20,American English,experimental,6,C,[P ← P],passive,passive,FALSE,Before her sister was,Mary was given French classes by her French grandmother,Before her sister was%2C Mary was given French classes by her French grandmother.
11,5,20,American English,filler,28,C,upper-bound non-elliptical,NA,NA,NA,,,Sometimes Susan has a hard time keeping up in class.
11,2,20,American English,filler,45,C,lower-bound non-elliptical,NA,NA,NA,,,The mechanic didn't know what the attempt to repair ultimately damaged the car.
11,4,20,American English,experimental,1,C,[A ← A],active,active,FALSE,Before her mother did,Mary’s father scolded her,Before her mother did%2C Mary’s father scolded her.
11,5,20,American English,filler,34,C,upper-bound non-elliptical,NA,NA,NA,,,Environmentally aware citizens recycle plastic bags.
11,2,20,American English,filler,44,C,lower-bound non-elliptical,NA,NA,NA,,,The man wondered whether is worth reading what for him.
11,4,20,American English,experimental,15,C,[A ← P],active,passive,TRUE,After the police did on Monday,the accountant was investigated by the IRS on Tuesday,After the police did on Monday%2C the accountant was investigated by the IRS on Tuesday.
11,1,20,American English,filler,46,C,lower-bound non-elliptical,NA,NA,NA,,,What do you wish that to buy would be no problem?
11,5,20,American English,filler,26,C,upper-bound non-elliptical,NA,NA,NA,,,Since you're not answering my question%2C I will assume that you don't know the answer.
11,4,20,American English,experimental,20,C,[P ← A],passive,active,TRUE,After the garage was previously,Jill photographed the house,After the garage was previously%2C Jill photographed the house.
11,3,20,American English,filler,37,C,lower-bound non-elliptical,NA,NA,NA,,,If it hasn't dark%2C it is easier to saw pedestrians.
11,3,20,American English,filler,39,C,lower-bound non-elliptical,NA,NA,NA,,,Most photographers forget whose they took picture within a day.
11,4,20,American English,experimental,4,C,[P ← A],passive,active,TRUE,Before the loser was,the talk-show host hugged the winner,Before the loser was%2C the talk-show host hugged the winner.
11,4,20,American English,filler,19,C,lower-bound elliptical,NA,NA,NA,,,I know why it happened but it wasn't.
11,4,20,American English,filler,12,C,upper-bound elliptical,NA,NA,NA,,,Mr. Jones lost his wallet and he has no idea where.
11,5,20,American English,experimental,5,C,[A ← A],active,active,FALSE,Before the advisor did,the old schoolmaster praised the student,Before the advisor did%2C the old schoolmaster praised the student.
11,3,20,American English,filler,24,C,lower-bound elliptical,NA,NA,NA,,,Hailey melted the copper vase%2C and the magnesium one did%2C too.
11,5,20,American English,filler,6,C,upper-bound elliptical,NA,NA,NA,,,This is fascinating%2C it really is.
11,3,20,American English,experimental,11,C,[A ← P],active,passive,TRUE,Before the lawyer did,the suspect was questioned by the police,Before the lawyer did%2C the suspect was questioned by the police.
11,4,20,American English,filler,16,C,lower-bound elliptical,NA,NA,NA,,,Bill admires Sarah more than she is by anyone else.
11,1,20,American English,filler,47,C,lower-bound non-elliptical,NA,NA,NA,,,Don't do what he who doesn't hasn't yet been done.
11,4,20,American English,experimental,7,C,[A ← P],active,passive,TRUE,Before the credit union did,Susan was offered a loan by the bank,Before the credit union did%2C Susan was offered a loan by the bank.
11,5,20,American English,filler,29,C,upper-bound non-elliptical,NA,NA,NA,,,Good coaches know which players play well under pressure.
11,2,20,American English,filler,13,C,lower-bound elliptical,NA,NA,NA,,,A proof that God exists doesn't.
11,3,20,American English,experimental,23,C,[A ← P],active,passive,TRUE,After the department secretary did previously,the library was called by the department head,After the department secretary did previously%2C the library was called by the department head.
11,3,20,American English,filler,15,C,lower-bound elliptical,NA,NA,NA,,,Beth's mother invited more people to her wedding than were by Beth herself.
11,5,20,American English,filler,27,C,upper-bound non-elliptical,NA,NA,NA,,,Stop me when my time is up!
11,4,20,American English,experimental,19,C,[A ← P],active,passive,TRUE,After the critic did already,the dessert was praised by the customer,After the critic did already%2C the dessert was praised by the customer.
11,3,20,American English,filler,14,C,lower-bound elliptical,NA,NA,NA,,,Even in areas where tap water is potable%2C one shouldn't.
11,3,20,American English,filler,41,C,lower-bound non-elliptical,NA,NA,NA,,,The police found the painting that the journalist claimed who stole.
11,4,20,American English,experimental,10,C,[P ← P],passive,passive,FALSE,Before the Chief of Police was,the Mayor was interviewed by the newspapers,Before the Chief of Police was%2C the Mayor was interviewed by the newspapers.
11,5,20,American English,filler,25,C,upper-bound non-elliptical,NA,NA,NA,,,I can't hear the announcement but I don't care.
11,5,20,American English,filler,5,C,upper-bound elliptical,NA,NA,NA,,,The lawyer became angry and he shouldn't have.
11,5,20,American English,experimental,21,C,[A ← A],active,active,FALSE,After Thorpe did previously,Phelps broke the 400 meter record,After Thorpe did previously%2C Phelps broke the 400 meter record.
11,2,20,American English,filler,40,C,lower-bound non-elliptical,NA,NA,NA,,,What did you meet a janitor that hates?
11,5,20,American English,filler,4,C,upper-bound elliptical,NA,NA,NA,,,Some guests brought drinks to the party although they didn't have to.
11,4,20,American English,experimental,18,C,[P ← P],passive,passive,FALSE,After the chairs were already,the table was criticized by the seller,After the chairs were already%2C the table was criticized by the seller.
11,2,20,American English,filler,38,C,lower-bound non-elliptical,NA,NA,NA,,,Whose didn't you get email?
11,5,20,American English,filler,36,C,upper-bound non-elliptical,NA,NA,NA,,,You enjoy Action TV shows while I prefer documentaries.
11,4,20,American English,experimental,17,C,[A ← A],active,active,FALSE,After the club owner himself did earlier,the audience booed the guitarist,After the club owner himself did earlier%2C the audience booed the guitarist.
11,5,20,American English,filler,8,C,upper-bound elliptical,NA,NA,NA,,,Somebody else should take out the garbage because I can't today.
11,3,20,American English,filler,18,C,lower-bound elliptical,NA,NA,NA,,,Kevin's diaper may be wet%2C but he won't.
11,4,20,American English,experimental,9,C,[A ← A],active,active,FALSE,Before the big corporations did,the local business exploited the autoworkers,Before the big corporations did%2C the local business exploited the autoworkers.
11,2,20,American English,filler,21,C,lower-bound elliptical,NA,NA,NA,,,Betsy did after Peter went to the store.
11,3,20,American English,filler,20,C,lower-bound elliptical,NA,NA,NA,,,Does he understand why and who didn't?
11,4,20,American English,experimental,3,C,[A ← P],active,passive,TRUE,Before the President did,the fireman was first praised by the Mayor,Before the President did%2C the fireman was first praised by the Mayor.
11,3,20,American English,filler,43,C,lower-bound non-elliptical,NA,NA,NA,,,Who did the press secretary ask a question before we interviewed?
11,5,20,American English,filler,11,C,upper-bound elliptical,NA,NA,NA,,,John knew he would fall asleep eventually%2C but he didn't know when.
11,4,20,American English,experimental,13,C,[A ← A],active,active,FALSE,After John did already,Bill pushed the new girl again,After John did already%2C Bill pushed the new girl again.
11,5,20,American English,filler,7,C,upper-bound elliptical,NA,NA,NA,,,Your son was worried that you'll be angry so I told him you won't.
11,5,20,American English,filler,2,C,upper-bound elliptical,NA,NA,NA,,,The thief was arrested and his brother was as well.
11,4,20,American English,experimental,12,C,[P ← A],passive,active,TRUE,Before the head nurse was,the child’s parents blamed the doctor,Before the head nurse was%2C the child’s parents blamed the doctor.
11,5,20,American English,filler,17,C,lower-bound elliptical,NA,NA,NA,,,Most people can't lift heavy rocks%2C but I know a guy who can and bend a crowbar%2C too.
11,5,20,American English,filler,35,C,upper-bound non-elliptical,NA,NA,NA,,,Some people's handwriting is so bad that they can't read it themselves.
11,3,20,American English,experimental,22,C,[P ← P],passive,passive,FALSE,After the chef’s private notes were already,the secret recipe was revealed by Kate,After the chef’s private notes were already%2C the secret recipe was revealed by Kate.
11,2,20,American English,filler,42,C,lower-bound non-elliptical,NA,NA,NA,,,Claire isn't as fast anymore as the reporter remembers who was five years ago.
11,5,20,American English,filler,10,C,upper-bound elliptical,NA,NA,NA,,,If you really want to%2C we can get some ice cream on the way.
11,3,20,American English,experimental,16,C,[P ← A],passive,active,TRUE,After the tennis team was previously,the Cubans beat the volleyball team,After the tennis team was previously%2C the Cubans beat the volleyball team.
11,2,20,American English,filler,23,C,lower-bound elliptical,NA,NA,NA,,,Joe was murdered%2C but we don't know who.
11,1,20,American English,filler,22,C,lower-bound elliptical,NA,NA,NA,,,That Harry is a fool bothers Dick%2C and that Bill is a fool Sam.
11,2,20,American English,experimental,8,C,[P ← A],passive,active,TRUE,Before the accused was,the policeman’s question surprised the witness,Before the accused was%2C the policeman’s question surprised the witness.
11,2,20,American English,filler,48,C,lower-bound non-elliptical,NA,NA,NA,,,The author wasn't sure who she heard who ran into.
11,5,20,American English,filler,9,C,upper-bound elliptical,NA,NA,NA,,,Bob's always wanted to travel to Bolivia and now he finally did.
11,4,20,American English,experimental,14,C,[P ← P],passive,passive,FALSE,After his friend was previously,the student was questioned by Customs,After his friend was previously%2C the student was questioned by Customs.
8,5,19,American English,filler,8,D,upper-bound elliptical,NA,NA,NA,,,Somebody else should take out the garbage because I can't today.
8,1,19,American English,filler,40,D,lower-bound non-elliptical,NA,NA,NA,,,What did you meet a janitor that hates?
8,3,19,American English,experimental,3,D,[P ← A],passive,active,TRUE,Before the policeman was,the Mayor first praised the fireman,Before the policeman was%2C the Mayor first praised the fireman.
8,5,19,American English,filler,30,D,upper-bound non-elliptical,NA,NA,NA,,,The older daughter taught her younger sister how to cook.
8,5,19,American English,filler,10,D,upper-bound elliptical,NA,NA,NA,,,If you really want to%2C we can get some ice cream on the way.
8,3,19,American English,experimental,15,D,[P ← A],passive,active,TRUE,After the CEO was on Monday,the IRS investigated the accountant on Tuesday,After the CEO was on Monday%2C the IRS investigated the accountant on Tuesday.
8,2,19,American English,filler,37,D,lower-bound non-elliptical,NA,NA,NA,,,If it hasn't dark%2C it is easier to saw pedestrians.
8,5,19,American English,filler,26,D,upper-bound non-elliptical,NA,NA,NA,,,Since you're not answering my question%2C I will assume that you don't know the answer.
8,2,19,American English,experimental,2,D,[A ← P],active,passive,TRUE,Before the lawyer did,the report was first read by the judge,Before the lawyer did%2C the report was first read by the judge.
8,3,19,American English,filler,16,D,lower-bound elliptical,NA,NA,NA,,,Bill admires Sarah more than she is by anyone else.
8,4,19,American English,filler,6,D,upper-bound elliptical,NA,NA,NA,,,This is fascinating%2C it really is.
8,2,19,American English,experimental,21,D,[P ← P],passive,passive,FALSE,After the 200 meter one was previously,the 400 meter record was broken by Phelps,After the 200 meter one was previously%2C the 400 meter record was broken by Phelps.
8,4,19,American English,filler,14,D,lower-bound elliptical,NA,NA,NA,,,Even in areas where tap water is potable%2C one shouldn't.
8,3,19,American English,filler,43,D,lower-bound non-elliptical,NA,NA,NA,,,Who did the press secretary ask a question before we interviewed?
8,2,19,American English,experimental,4,D,[A ← A],active,active,FALSE,Before the announcer did,the talk-show host hugged the winner,Before the announcer did%2C the talk-show host hugged the winner.
8,2,19,American English,filler,22,D,lower-bound elliptical,NA,NA,NA,,,That Harry is a fool bothers Dick%2C and that Bill is a fool Sam.
8,3,19,American English,filler,20,D,lower-bound elliptical,NA,NA,NA,,,Does he understand why and who didn't?
8,2,19,American English,experimental,19,D,[P ← A],passive,active,TRUE,After the appetizer was already,the customer praised the dessert,After the appetizer was already%2C the customer praised the dessert.
8,5,19,American English,filler,27,D,upper-bound non-elliptical,NA,NA,NA,,,Stop me when my time is up!
8,4,19,American English,filler,38,D,lower-bound non-elliptical,NA,NA,NA,,,Whose didn't you get email?
8,3,19,American English,experimental,11,D,[P ← A],passive,active,TRUE,Before the witness was,the police questioned the suspect,Before the witness was%2C the police questioned the suspect.
8,5,19,American English,filler,1,D,upper-bound elliptical,NA,NA,NA,,,The reporter claimed that the decision wasn't made by the president%2C even though it most definitely was.
8,5,19,American English,filler,29,D,upper-bound non-elliptical,NA,NA,NA,,,Good coaches know which players play well under pressure.
8,3,19,American English,experimental,14,D,[A ← P],active,passive,TRUE,After Immigration did previously,the student was questioned by Customs,After Immigration did previously%2C the student was questioned by Customs.
8,5,19,American English,filler,3,D,upper-bound elliptical,NA,NA,NA,,,I wish I knew where the remote control is%2C but I don't.
8,2,19,American English,filler,48,D,lower-bound non-elliptical,NA,NA,NA,,,The author wasn't sure who she heard who ran into.
8,2,19,American English,experimental,7,D,[P ← A],passive,active,TRUE,Before her sisters were,Susan’s bank offered her a loan,Before her sisters were%2C Susan’s bank offered her a loan.
8,4,19,American English,filler,39,D,lower-bound non-elliptical,NA,NA,NA,,,Most photographers forget whose they took picture within a day.
8,5,19,American English,filler,31,D,upper-bound non-elliptical,NA,NA,NA,,,The soccer player was happy with his performance.
8,3,19,American English,experimental,12,D,[A ← A],active,active,FALSE,Before the insurance company did,the child’s parents blamed the doctor,Before the insurance company did%2C the child’s parents blamed the doctor.
8,5,19,American English,filler,28,D,upper-bound non-elliptical,NA,NA,NA,,,Sometimes Susan has a hard time keeping up in class.
8,3,19,American English,filler,15,D,lower-bound elliptical,NA,NA,NA,,,Beth's mother invited more people to her wedding than were by Beth herself.
8,2,19,American English,experimental,18,D,[A ← P],active,passive,TRUE,After the buyer did already,the table was criticized by the seller,After the buyer did already%2C the table was criticized by the seller.
8,4,19,American English,filler,12,D,upper-bound elliptical,NA,NA,NA,,,Mr. Jones lost his wallet and he has no idea where.
8,5,19,American English,filler,5,D,upper-bound elliptical,NA,NA,NA,,,The lawyer became angry and he shouldn't have.
8,4,19,American English,experimental,1,D,[P ← P],passive,passive,FALSE,Before her sister was,Mary was scolded by her father,Before her sister was%2C Mary was scolded by her father.
8,4,19,American English,filler,9,D,upper-bound elliptical,NA,NA,NA,,,Bob's always wanted to travel to Bolivia and now he finally did.
8,2,19,American English,filler,44,D,lower-bound non-elliptical,NA,NA,NA,,,The man wondered whether is worth reading what for him.
8,2,19,American English,experimental,13,D,[P ← P],passive,passive,FALSE,After Jill was already,the new girl was pushed again by Bill,After Jill was already%2C the new girl was pushed again by Bill.
8,5,19,American English,filler,4,D,upper-bound elliptical,NA,NA,NA,,,Some guests brought drinks to the party although they didn't have to.
8,2,19,American English,filler,42,D,lower-bound non-elliptical,NA,NA,NA,,,Claire isn't as fast anymore as the reporter remembers who was five years ago.
8,4,19,American English,experimental,16,D,[A ← A],active,active,FALSE,After the Germans did previously,the Cubans beat the volleyball team,After the Germans did previously%2C the Cubans beat the volleyball team.
8,2,19,American English,filler,24,D,lower-bound elliptical,NA,NA,NA,,,Hailey melted the copper vase%2C and the magnesium one did%2C too.
8,5,19,American English,filler,33,D,upper-bound non-elliptical,NA,NA,NA,,,Most readers didn't expect the final plot twist.
8,4,19,American English,experimental,6,D,[A ← P],active,passive,TRUE,Before her French aunt did,Mary was given French classes by her French grandmother,Before her French aunt did%2C Mary was given French classes by her French grandmother.
8,4,19,American English,filler,7,D,upper-bound elliptical,NA,NA,NA,,,Your son was worried that you'll be angry so I told him you won't.
8,5,19,American English,filler,35,D,upper-bound non-elliptical,NA,NA,NA,,,Some people's handwriting is so bad that they can't read it themselves.
8,2,19,American English,experimental,8,D,[A ← A],active,active,FALSE,Before the lawyer did,the policeman’s question surprised the witness,Before the lawyer did%2C the policeman’s question surprised the witness.
8,5,19,American English,filler,25,D,upper-bound non-elliptical,NA,NA,NA,,,I can't hear the announcement but I don't care.
8,5,19,American English,filler,21,D,lower-bound elliptical,NA,NA,NA,,,Betsy did after Peter went to the store.
8,2,19,American English,experimental,24,D,[A ← A],active,active,FALSE,After the professor did already,Tom criticized the local writers,After the professor did already%2C Tom criticized the local writers.
8,2,19,American English,filler,23,D,lower-bound elliptical,NA,NA,NA,,,Joe was murdered%2C but we don't know who.
8,1,19,American English,filler,18,D,lower-bound elliptical,NA,NA,NA,,,Kevin's diaper may be wet%2C but he won't.
8,2,19,American English,experimental,17,D,[P ← P],passive,passive,FALSE,After the lead singer herself was earlier,the guitarist was booed by the audience,After the lead singer herself was earlier%2C the guitarist was booed by the audience.
8,3,19,American English,filler,45,D,lower-bound non-elliptical,NA,NA,NA,,,The mechanic didn't know what the attempt to repair ultimately damaged the car.
8,2,19,American English,filler,41,D,lower-bound non-elliptical,NA,NA,NA,,,The police found the painting that the journalist claimed who stole.
8,4,19,American English,experimental,20,D,[A ← A],active,active,FALSE,After Sally did previously,Jill photographed the house,After Sally did previously%2C Jill photographed the house.
8,5,19,American English,filler,36,D,upper-bound non-elliptical,NA,NA,NA,,,You enjoy Action TV shows while I prefer documentaries.
8,5,19,American English,filler,34,D,upper-bound non-elliptical,NA,NA,NA,,,Environmentally aware citizens recycle plastic bags.
8,4,19,American English,experimental,9,D,[P ← P],passive,passive,FALSE,Before the metal workers were,the autoworkers were exploited by the local business,Before the metal workers were%2C the autoworkers were exploited by the local business.
8,5,19,American English,filler,32,D,upper-bound non-elliptical,NA,NA,NA,,,The cellist made a mistake in her favorite piece.
8,1,19,American English,filler,46,D,lower-bound non-elliptical,NA,NA,NA,,,What do you wish that to buy would be no problem?
8,2,19,American English,experimental,23,D,[P ← A],passive,active,TRUE,After the records office was previously,the department head called the library,After the records office was previously%2C the department head called the library.
8,5,19,American English,filler,11,D,upper-bound elliptical,NA,NA,NA,,,John knew he would fall asleep eventually%2C but he didn't know when.
8,2,19,American English,filler,13,D,lower-bound elliptical,NA,NA,NA,,,A proof that God exists doesn't.
8,2,19,American English,experimental,5,D,[P ← P],passive,passive,FALSE,Before the Teaching Assistant was,the student was praised by the old schoolmaster,Before the Teaching Assistant was%2C the student was praised by the old schoolmaster.
8,4,19,American English,filler,2,D,upper-bound elliptical,NA,NA,NA,,,The thief was arrested and his brother was as well.
8,2,19,American English,filler,19,D,lower-bound elliptical,NA,NA,NA,,,I know why it happened but it wasn't.
8,3,19,American English,experimental,10,D,[A ← P],active,passive,TRUE,Before the TV networks did,the Mayor was interviewed by the newspapers,Before the TV networks did%2C the Mayor was interviewed by the newspapers.
8,4,19,American English,filler,17,D,lower-bound elliptical,NA,NA,NA,,,Most people can't lift heavy rocks%2C but I know a guy who can and bend a crowbar%2C too.
8,1,19,American English,filler,47,D,lower-bound non-elliptical,NA,NA,NA,,,Don't do what he who doesn't hasn't yet been done.
8,2,19,American English,experimental,22,D,[A ← P],active,passive,TRUE,After Sandra did already,the secret recipe was revealed by Kate,After Sandra did already%2C the secret recipe was revealed by Kate.
9,4,20,American English,filler,7,A,upper-bound elliptical,NA,NA,NA,,,Your son was worried that you'll be angry so I told him you won't.
9,4,20,American English,experimental,19,A,[A ← A],active,active,FALSE,After the critic did already,the customer praised the dessert,After the critic did already%2C the customer praised the dessert.
9,2,20,American English,filler,38,A,lower-bound non-elliptical,NA,NA,NA,,,Whose didn't you get email?
9,5,20,American English,filler,30,A,upper-bound non-elliptical,NA,NA,NA,,,The older daughter taught her younger sister how to cook.
9,4,20,American English,experimental,1,A,[A ← P],active,passive,TRUE,Before her mother did,Mary was scolded by her father,Before her mother did%2C Mary was scolded by her father.
9,5,20,American English,filler,5,A,upper-bound elliptical,NA,NA,NA,,,The lawyer became angry and he shouldn't have.
9,5,20,American English,filler,27,A,upper-bound non-elliptical,NA,NA,NA,,,Stop me when my time is up!
9,3,20,American English,experimental,2,A,[P ← A],passive,active,TRUE,Before the confession was,the judge read the report first,Before the confession was%2C the judge read the report first.
9,3,20,American English,filler,45,A,lower-bound non-elliptical,NA,NA,NA,,,The mechanic didn't know what the attempt to repair ultimately damaged the car.
9,3,20,American English,filler,43,A,lower-bound non-elliptical,NA,NA,NA,,,Who did the press secretary ask a question before we interviewed?
9,3,20,American English,experimental,24,A,[P ← P],passive,passive,FALSE,After the local paper was already,the local writers were criticized by Tom,After the local paper was already%2C the local writers were criticized by Tom.
9,4,20,American English,filler,15,A,lower-bound elliptical,NA,NA,NA,,,Beth's mother invited more people to her wedding than were by Beth herself.
9,5,20,American English,filler,34,A,upper-bound non-elliptical,NA,NA,NA,,,Environmentally aware citizens recycle plastic bags.
9,3,20,American English,experimental,16,A,[P ← P],passive,passive,FALSE,After the tennis team was previously,the volleyball team was beaten by the Cubans,After the tennis team was previously%2C the volleyball team was beaten by the Cubans.
9,5,20,American English,filler,9,A,upper-bound elliptical,NA,NA,NA,,,Bob's always wanted to travel to Bolivia and now he finally did.
9,3,20,American English,filler,13,A,lower-bound elliptical,NA,NA,NA,,,A proof that God exists doesn't.
9,3,20,American English,experimental,21,A,[A ← P],active,passive,TRUE,After Thorpe did previously,the 400 meter record was broken by Phelps,After Thorpe did previously%2C the 400 meter record was broken by Phelps.
9,2,20,American English,filler,22,A,lower-bound elliptical,NA,NA,NA,,,That Harry is a fool bothers Dick%2C and that Bill is a fool Sam.
9,5,20,American English,filler,17,A,lower-bound elliptical,NA,NA,NA,,,Most people can't lift heavy rocks%2C but I know a guy who can and bend a crowbar%2C too.
9,5,20,American English,experimental,3,A,[A ← A],active,active,FALSE,Before the President did,the Mayor first praised the fireman,Before the President did%2C the Mayor first praised the fireman.
9,5,20,American English,filler,28,A,upper-bound non-elliptical,NA,NA,NA,,,Sometimes Susan has a hard time keeping up in class.
9,3,20,American English,filler,41,A,lower-bound non-elliptical,NA,NA,NA,,,The police found the painting that the journalist claimed who stole.
9,3,20,American English,experimental,8,A,[P ← P],passive,passive,FALSE,Before the accused was,the witness was surprised by the policeman’s question,Before the accused was%2C the witness was surprised by the policeman’s question.
9,5,20,American English,filler,10,A,upper-bound elliptical,NA,NA,NA,,,If you really want to%2C we can get some ice cream on the way.
9,5,20,American English,filler,4,A,upper-bound elliptical,NA,NA,NA,,,Some guests brought drinks to the party although they didn't have to.
9,3,20,American English,experimental,12,A,[P ← P],passive,passive,FALSE,Before the head nurse was,the doctor was blamed by the child’s parents,Before the head nurse was%2C the doctor was blamed by the child’s parents.
9,5,20,American English,filler,26,A,upper-bound non-elliptical,NA,NA,NA,,,Since you're not answering my question%2C I will assume that you don't know the answer.
9,5,20,American English,filler,11,A,upper-bound elliptical,NA,NA,NA,,,John knew he would fall asleep eventually%2C but he didn't know when.
9,3,20,American English,experimental,14,A,[P ← A],passive,active,TRUE,After his friend was previously,Customs questioned the student,After his friend was previously%2C Customs questioned the student.
9,5,20,American English,filler,6,A,upper-bound elliptical,NA,NA,NA,,,This is fascinating%2C it really is.
9,2,20,American English,filler,42,A,lower-bound non-elliptical,NA,NA,NA,,,Claire isn't as fast anymore as the reporter remembers who was five years ago.
9,2,20,American English,experimental,6,A,[P ← A],passive,active,TRUE,Before her sister was,Mary’s French grandmother gave her French classes,Before her sister was%2C Mary’s French grandmother gave her French classes.
9,5,20,American English,filler,31,A,upper-bound non-elliptical,NA,NA,NA,,,The soccer player was happy with his performance.
9,1,20,American English,filler,44,A,lower-bound non-elliptical,NA,NA,NA,,,The man wondered whether is worth reading what for him.
9,3,20,American English,experimental,13,A,[A ← P],active,passive,TRUE,After John did already,the new girl was pushed again by Bill,After John did already%2C the new girl was pushed again by Bill.
9,4,20,American English,filler,14,A,lower-bound elliptical,NA,NA,NA,,,Even in areas where tap water is potable%2C one shouldn't.
9,5,20,American English,filler,36,A,upper-bound non-elliptical,NA,NA,NA,,,You enjoy Action TV shows while I prefer documentaries.
9,3,20,American English,experimental,7,A,[A ← A],active,active,FALSE,Before the credit union did,Susan’s bank offered her a loan,Before the credit union did%2C Susan’s bank offered her a loan.
9,5,20,American English,filler,1,A,upper-bound elliptical,NA,NA,NA,,,The reporter claimed that the decision wasn't made by the president%2C even though it most definitely was.
9,5,20,American English,filler,33,A,upper-bound non-elliptical,NA,NA,NA,,,Most readers didn't expect the final plot twist.
9,4,20,American English,experimental,10,A,[P ← A],passive,active,TRUE,Before the Chief of Police was,the newspaper interviewed the Mayor,Before the Chief of Police was%2C the newspaper interviewed the Mayor.
9,2,20,American English,filler,18,A,lower-bound elliptical,NA,NA,NA,,,Kevin's diaper may be wet%2C but he won't.
9,2,20,American English,filler,19,A,lower-bound elliptical,NA,NA,NA,,,I know why it happened but it wasn't.
9,3,20,American English,experimental,18,A,[P ← A],passive,active,TRUE,After the chairs were already,the seller criticized the table,After the chairs were already%2C the seller criticized the table.
9,3,20,American English,filler,21,A,lower-bound elliptical,NA,NA,NA,,,Betsy did after Peter went to the store.
9,1,20,American English,filler,37,A,lower-bound non-elliptical,NA,NA,NA,,,If it hasn't dark%2C it is easier to saw pedestrians.
9,3,20,American English,experimental,17,A,[A ← P],active,passive,TRUE,After the club owner himself did earlier,the guitarist was booed by the audience,After the club owner himself did earlier%2C the guitarist was booed by the audience.
9,4,20,American English,filler,16,A,lower-bound elliptical,NA,NA,NA,,,Bill admires Sarah more than she is by anyone else.
9,2,20,American English,filler,47,A,lower-bound non-elliptical,NA,NA,NA,,,Don't do what he who doesn't hasn't yet been done.
9,5,20,American English,experimental,11,A,[A ← A],active,active,FALSE,Before the lawyer did,the police questioned the suspect,Before the lawyer did%2C the police questioned the suspect.
9,4,20,American English,filler,20,A,lower-bound elliptical,NA,NA,NA,,,Does he understand why and who didn't?
9,2,20,American English,filler,39,A,lower-bound non-elliptical,NA,NA,NA,,,Most photographers forget whose they took picture within a day.
9,3,20,American English,experimental,20,A,[P ← P],passive,passive,FALSE,After the garage was previously,the house was photographed by Jill,After the garage was previously%2C the house was photographed by Jill.
9,3,20,American English,filler,46,A,lower-bound non-elliptical,NA,NA,NA,,,What do you wish that to buy would be no problem?
9,5,20,American English,filler,35,A,upper-bound non-elliptical,NA,NA,NA,,,Some people's handwriting is so bad that they can't read it themselves.
9,3,20,American English,experimental,9,A,[A ← P],active,passive,TRUE,Before the big corporations did,the autoworkers were exploited by the local business,Before the big corporations did%2C the autoworkers were exploited by the local business.
9,4,20,American English,filler,23,A,lower-bound elliptical,NA,NA,NA,,,Joe was murdered%2C but we don't know who.
9,5,20,American English,filler,8,A,upper-bound elliptical,NA,NA,NA,,,Somebody else should take out the garbage because I can't today.
9,3,20,American English,experimental,15,A,[A ← A],active,active,FALSE,After the police did on Monday,the IRS investigated the accountant on Tuesday,After the police did on Monday%2C the IRS investigated the accountant on Tuesday.
9,2,20,American English,filler,40,A,lower-bound non-elliptical,NA,NA,NA,,,What did you meet a janitor that hates?
9,5,20,American English,filler,29,A,upper-bound non-elliptical,NA,NA,NA,,,Good coaches know which players play well under pressure.
9,4,20,American English,experimental,4,A,[P ← P],passive,passive,FALSE,Before the loser was,the winner was hugged by the talk-show host,Before the loser was%2C the winner was hugged by the talk-show host.
9,3,20,American English,filler,48,A,lower-bound non-elliptical,NA,NA,NA,,,The author wasn't sure who she heard who ran into.
9,5,20,American English,filler,25,A,upper-bound non-elliptical,NA,NA,NA,,,I can't hear the announcement but I don't care.
9,3,20,American English,experimental,23,A,[A ← A],active,active,FALSE,After the department secretary did previously,the department head called the library,After the department secretary did previously%2C the department head called the library.
9,5,20,American English,filler,12,A,upper-bound elliptical,NA,NA,NA,,,Mr. Jones lost his wallet and he has no idea where.
9,3,20,American English,filler,24,A,lower-bound elliptical,NA,NA,NA,,,Hailey melted the copper vase%2C and the magnesium one did%2C too.
9,3,20,American English,experimental,5,A,[A ← P],active,passive,TRUE,Before the advisor did,the student was praised by the old schoolmaster,Before the advisor did%2C the student was praised by the old schoolmaster.
9,5,20,American English,filler,3,A,upper-bound elliptical,NA,NA,NA,,,I wish I knew where the remote control is%2C but I don't.
9,5,20,American English,filler,32,A,upper-bound non-elliptical,NA,NA,NA,,,The cellist made a mistake in her favorite piece.
9,3,20,American English,experimental,22,A,[P ← A],passive,active,TRUE,After the chef’s private notes were already,Kate revealed the secret recipe,After the chef’s private notes were already%2C Kate revealed the secret recipe.
9,5,20,American English,filler,2,A,upper-bound elliptical,NA,NA,NA,,,The thief was arrested and his brother was as well.
4,2,51,American English,filler,46,B,lower-bound non-elliptical,NA,NA,NA,,,What do you wish that to buy would be no problem?
4,1,51,American English,filler,19,B,lower-bound elliptical,NA,NA,NA,,,I know why it happened but it wasn't.
4,2,51,American English,experimental,14,B,[A ← A],active,active,FALSE,After Immigration did previously,Customs questioned the student,After Immigration did previously%2C Customs questioned the student.
4,5,51,American English,filler,27,B,upper-bound non-elliptical,NA,NA,NA,,,Stop me when my time is up!
4,1,51,American English,filler,45,B,lower-bound non-elliptical,NA,NA,NA,,,The mechanic didn't know what the attempt to repair ultimately damaged the car.
4,1,51,American English,experimental,5,B,[P ← A],passive,active,TRUE,Before the Teaching Assistant was,the old schoolmaster praised the student,Before the Teaching Assistant was%2C the old schoolmaster praised the student.
4,4,51,American English,filler,17,B,lower-bound elliptical,NA,NA,NA,,,Most people can't lift heavy rocks%2C but I know a guy who can and bend a crowbar%2C too.
4,3,51,American English,filler,21,B,lower-bound elliptical,NA,NA,NA,,,Betsy did after Peter went to the store.
4,4,51,American English,experimental,16,B,[A ← P],active,passive,TRUE,After the Germans did previously,the volleyball team was beaten by the Cubans,After the Germans did previously%2C the volleyball team was beaten by the Cubans.
4,5,51,American English,filler,36,B,upper-bound non-elliptical,NA,NA,NA,,,You enjoy Action TV shows while I prefer documentaries.
4,4,51,American English,filler,15,B,lower-bound elliptical,NA,NA,NA,,,Beth's mother invited more people to her wedding than were by Beth herself.
4,4,51,American English,experimental,12,B,[A ← P],active,passive,TRUE,Before the insurance company did,the doctor was blamed by the child’s parents,Before the insurance company did%2C the doctor was blamed by the child’s parents.
4,5,51,American English,filler,34,B,upper-bound non-elliptical,NA,NA,NA,,,Environmentally aware citizens recycle plastic bags.
4,5,51,American English,filler,29,B,upper-bound non-elliptical,NA,NA,NA,,,Good coaches know which players play well under pressure.
4,4,51,American English,experimental,22,B,[A ← A],active,active,FALSE,After Sandra did already,Kate revealed the secret recipe,After Sandra did already%2C Kate revealed the secret recipe.
4,5,51,American English,filler,26,B,upper-bound non-elliptical,NA,NA,NA,,,Since you're not answering my question%2C I will assume that you don't know the answer.
4,4,51,American English,filler,23,B,lower-bound elliptical,NA,NA,NA,,,Joe was murdered%2C but we don't know who.
4,2,51,American English,experimental,1,B,[P ← A],passive,active,TRUE,Before her sister was,Mary’s father scolded her,Before her sister was%2C Mary’s father scolded her.
4,1,51,American English,filler,44,B,lower-bound non-elliptical,NA,NA,NA,,,The man wondered whether is worth reading what for him.
4,4,51,American English,filler,7,B,upper-bound elliptical,NA,NA,NA,,,Your son was worried that you'll be angry so I told him you won't.
4,4,51,American English,experimental,21,B,[P ← A],passive,active,TRUE,After the 200 meter one was previously,Phelps broke the 400 meter record,After the 200 meter one was previously%2C Phelps broke the 400 meter record.
4,3,51,American English,filler,42,B,lower-bound non-elliptical,NA,NA,NA,,,Claire isn't as fast anymore as the reporter remembers who was five years ago.
4,1,51,American English,filler,18,B,lower-bound elliptical,NA,NA,NA,,,Kevin's diaper may be wet%2C but he won't.
4,4,51,American English,experimental,15,B,[P ← P],passive,passive,FALSE,After the CEO was on Monday,the accountant was investigated by the IRS on Tuesday,After the CEO was on Monday%2C the accountant was investigated by the IRS on Tuesday.
4,5,51,American English,filler,8,B,upper-bound elliptical,NA,NA,NA,,,Somebody else should take out the garbage because I can't today.
4,5,51,American English,filler,32,B,upper-bound non-elliptical,NA,NA,NA,,,The cellist made a mistake in her favorite piece.
4,5,51,American English,experimental,10,B,[A ← A],active,active,FALSE,Before the TV networks did,the newspaper interviewed the Mayor,Before the TV networks did%2C the newspaper interviewed the Mayor.
4,1,51,American English,filler,40,B,lower-bound non-elliptical,NA,NA,NA,,,What did you meet a janitor that hates?
4,5,51,American English,filler,4,B,upper-bound elliptical,NA,NA,NA,,,Some guests brought drinks to the party although they didn't have to.
4,2,51,American English,experimental,9,B,[P ← A],passive,active,TRUE,Before the metal workers were,the local business exploited the autoworkers,Before the metal workers were%2C the local business exploited the autoworkers.
4,1,51,American English,filler,47,B,lower-bound non-elliptical,NA,NA,NA,,,Don't do what he who doesn't hasn't yet been done.
4,5,51,American English,filler,3,B,upper-bound elliptical,NA,NA,NA,,,I wish I knew where the remote control is%2C but I don't.
4,5,51,American English,experimental,11,B,[P ← P],passive,passive,FALSE,Before the witness was,the suspect was questioned by the police,Before the witness was%2C the suspect was questioned by the police.
4,5,51,American English,filler,25,B,upper-bound non-elliptical,NA,NA,NA,,,I can't hear the announcement but I don't care.
4,5,51,American English,filler,1,B,upper-bound elliptical,NA,NA,NA,,,The reporter claimed that the decision wasn't made by the president%2C even though it most definitely was.
4,3,51,American English,experimental,17,B,[P ← A],passive,active,TRUE,After the lead singer herself was earlier,the audience booed the guitarist,After the lead singer herself was earlier%2C the audience booed the guitarist.
4,5,51,American English,filler,12,B,upper-bound elliptical,NA,NA,NA,,,Mr. Jones lost his wallet and he has no idea where.
4,5,51,American English,filler,35,B,upper-bound non-elliptical,NA,NA,NA,,,Some people's handwriting is so bad that they can't read it themselves.
4,2,51,American English,experimental,8,B,[A ← P],active,passive,TRUE,Before the lawyer did,the witness was surprised by the policeman’s question,Before the lawyer did%2C the witness was surprised by the policeman’s question.
4,4,51,American English,filler,41,B,lower-bound non-elliptical,NA,NA,NA,,,The police found the painting that the journalist claimed who stole.
4,2,51,American English,filler,20,B,lower-bound elliptical,NA,NA,NA,,,Does he understand why and who didn't?
4,5,51,American English,experimental,20,B,[A ← P],active,passive,TRUE,After Sally did previously,the house was photographed by Jill,After Sally did previously%2C the house was photographed by Jill.
4,4,51,American English,filler,43,B,lower-bound non-elliptical,NA,NA,NA,,,Who did the press secretary ask a question before we interviewed?
4,5,51,American English,filler,16,B,lower-bound elliptical,NA,NA,NA,,,Bill admires Sarah more than she is by anyone else.
4,3,51,American English,experimental,13,B,[P ← A],passive,active,TRUE,After Jill was already,Bill pushed the new girl again,After Jill was already%2C Bill pushed the new girl again.
4,2,51,American English,filler,48,B,lower-bound non-elliptical,NA,NA,NA,,,The author wasn't sure who she heard who ran into.
4,5,51,American English,filler,33,B,upper-bound non-elliptical,NA,NA,NA,,,Most readers didn't expect the final plot twist.
4,5,51,American English,experimental,6,B,[A ← A],active,active,FALSE,Before her French aunt did,Mary’s French grandmother gave her French classes,Before her French aunt did%2C Mary’s French grandmother gave her French classes.
4,5,51,American English,filler,2,B,upper-bound elliptical,NA,NA,NA,,,The thief was arrested and his brother was as well.
4,5,51,American English,filler,9,B,upper-bound elliptical,NA,NA,NA,,,Bob's always wanted to travel to Bolivia and now he finally did.
4,5,51,American English,experimental,3,B,[P ← P],passive,passive,FALSE,Before the policeman was,the fireman was first praised by the Mayor,Before the policeman was%2C the fireman was first praised by the Mayor.
4,1,51,American English,filler,22,B,lower-bound elliptical,NA,NA,NA,,,That Harry is a fool bothers Dick%2C and that Bill is a fool Sam.
4,5,51,American English,filler,5,B,upper-bound elliptical,NA,NA,NA,,,The lawyer became angry and he shouldn't have.
4,2,51,American English,experimental,2,B,[A ← A],active,active,FALSE,Before the lawyer did,the judge read the report first,Before the lawyer did%2C the judge read the report first.
4,3,51,American English,filler,39,B,lower-bound non-elliptical,NA,NA,NA,,,Most photographers forget whose they took picture within a day.
4,5,51,American English,filler,28,B,upper-bound non-elliptical,NA,NA,NA,,,Sometimes Susan has a hard time keeping up in class.
4,4,51,American English,experimental,19,B,[P ← P],passive,passive,FALSE,After the appetizer was already,the dessert was praised by the customer,After the appetizer was already%2C the dessert was praised by the customer.
4,4,51,American English,filler,6,B,upper-bound elliptical,NA,NA,NA,,,This is fascinating%2C it really is.
4,5,51,American English,filler,31,B,upper-bound non-elliptical,NA,NA,NA,,,The soccer player was happy with his performance.
4,5,51,American English,experimental,18,B,[A ← A],active,active,FALSE,After the buyer did already,the seller criticized the table,After the buyer did already%2C the seller criticized the table.
4,5,51,American English,filler,30,B,upper-bound non-elliptical,NA,NA,NA,,,The older daughter taught her younger sister how to cook.
4,5,51,American English,filler,13,B,lower-bound elliptical,NA,NA,NA,,,A proof that God exists doesn't.
4,3,51,American English,experimental,24,B,[A ← P],active,passive,TRUE,After the professor did already,the local writers were criticized by Tom,After the professor did already%2C the local writers were criticized by Tom.
4,3,51,American English,filler,24,B,lower-bound elliptical,NA,NA,NA,,,Hailey melted the copper vase%2C and the magnesium one did%2C too.
4,5,51,American English,filler,10,B,upper-bound elliptical,NA,NA,NA,,,If you really want to%2C we can get some ice cream on the way.
4,5,51,American English,experimental,4,B,[A ← P],active,passive,TRUE,Before the announcer did,the winner was hugged by the talk-show host,Before the announcer did%2C the winner was hugged by the talk-show host.
4,5,51,American English,filler,11,B,upper-bound elliptical,NA,NA,NA,,,John knew he would fall asleep eventually%2C but he didn't know when.
4,2,51,American English,filler,14,B,lower-bound elliptical,NA,NA,NA,,,Even in areas where tap water is potable%2C one shouldn't.
4,5,51,American English,experimental,7,B,[P ← P],passive,passive,FALSE,Before her sisters were,Susan was offered a loan by the bank,Before her sisters were%2C Susan was offered a loan by the bank.
4,2,51,American English,filler,38,B,lower-bound non-elliptical,NA,NA,NA,,,Whose didn't you get email?
4,1,51,American English,filler,37,B,lower-bound non-elliptical,NA,NA,NA,,,If it hasn't dark%2C it is easier to saw pedestrians.
4,1,51,American English,experimental,23,B,[P ← P],passive,passive,FALSE,After the records office was previously,the library was called by the department head,After the records office was previously%2C the library was called by the department head.
14,5,21,American English,filler,8,C,upper-bound elliptical,NA,NA,NA,,,Somebody else should take out the garbage because I can't today.
14,5,21,American English,filler,6,C,upper-bound elliptical,NA,NA,NA,,,This is fascinating%2C it really is.
14,1,21,American English,experimental,12,C,[P ← A],passive,active,TRUE,Before the head nurse was,the child’s parents blamed the doctor,Before the head nurse was%2C the child’s parents blamed the doctor.
14,3,21,American English,filler,38,C,lower-bound non-elliptical,NA,NA,NA,,,Whose didn't you get email?
14,5,21,American English,filler,35,C,upper-bound non-elliptical,NA,NA,NA,,,Some people's handwriting is so bad that they can't read it themselves.
14,2,21,American English,experimental,8,C,[P ← A],passive,active,TRUE,Before the accused was,the policeman’s question surprised the witness,Before the accused was%2C the policeman’s question surprised the witness.
14,2,21,American English,filler,46,C,lower-bound non-elliptical,NA,NA,NA,,,What do you wish that to buy would be no problem?
14,4,21,American English,filler,17,C,lower-bound elliptical,NA,NA,NA,,,Most people can't lift heavy rocks%2C but I know a guy who can and bend a crowbar%2C too.
14,2,21,American English,experimental,14,C,[P ← P],passive,passive,FALSE,After his friend was previously,the student was questioned by Customs,After his friend was previously%2C the student was questioned by Customs.
14,3,21,American English,filler,14,C,lower-bound elliptical,NA,NA,NA,,,Even in areas where tap water is potable%2C one shouldn't.
14,5,21,American English,filler,27,C,upper-bound non-elliptical,NA,NA,NA,,,Stop me when my time is up!
14,3,21,American English,experimental,23,C,[A ← P],active,passive,TRUE,After the department secretary did previously,the library was called by the department head,After the department secretary did previously%2C the library was called by the department head.
14,5,21,American English,filler,1,C,upper-bound elliptical,NA,NA,NA,,,The reporter claimed that the decision wasn't made by the president%2C even though it most definitely was.
14,5,21,American English,filler,28,C,upper-bound non-elliptical,NA,NA,NA,,,Sometimes Susan has a hard time keeping up in class.
14,2,21,American English,experimental,4,C,[P ← A],passive,active,TRUE,Before the loser was,the talk-show host hugged the winner,Before the loser was%2C the talk-show host hugged the winner.
14,2,21,American English,filler,19,C,lower-bound elliptical,NA,NA,NA,,,I know why it happened but it wasn't.
14,5,21,American English,filler,3,C,upper-bound elliptical,NA,NA,NA,,,I wish I knew where the remote control is%2C but I don't.
14,3,21,American English,experimental,11,C,[A ← P],active,passive,TRUE,Before the lawyer did,the suspect was questioned by the police,Before the lawyer did%2C the suspect was questioned by the police.
14,3,21,American English,filler,23,C,lower-bound elliptical,NA,NA,NA,,,Joe was murdered%2C but we don't know who.
14,1,21,American English,filler,22,C,lower-bound elliptical,NA,NA,NA,,,That Harry is a fool bothers Dick%2C and that Bill is a fool Sam.
14,2,21,American English,experimental,16,C,[P ← A],passive,active,TRUE,After the tennis team was previously,the Cubans beat the volleyball team,After the tennis team was previously%2C the Cubans beat the volleyball team.
14,4,21,American English,filler,43,C,lower-bound non-elliptical,NA,NA,NA,,,Who did the press secretary ask a question before we interviewed?
14,5,21,American English,filler,30,C,upper-bound non-elliptical,NA,NA,NA,,,The older daughter taught her younger sister how to cook.
14,4,21,American English,experimental,6,C,[P ← P],passive,passive,FALSE,Before her sister was,Mary was given French classes by her French grandmother,Before her sister was%2C Mary was given French classes by her French grandmother.
14,5,21,American English,filler,33,C,upper-bound non-elliptical,NA,NA,NA,,,Most readers didn't expect the final plot twist.
14,4,21,American English,filler,9,C,upper-bound elliptical,NA,NA,NA,,,Bob's always wanted to travel to Bolivia and now he finally did.
14,4,21,American English,experimental,5,C,[A ← A],active,active,FALSE,Before the advisor did,the old schoolmaster praised the student,Before the advisor did%2C the old schoolmaster praised the student.
14,5,21,American English,filler,4,C,upper-bound elliptical,NA,NA,NA,,,Some guests brought drinks to the party although they didn't have to.
14,3,21,American English,filler,45,C,lower-bound non-elliptical,NA,NA,NA,,,The mechanic didn't know what the attempt to repair ultimately damaged the car.
14,4,21,American English,experimental,21,C,[A ← A],active,active,FALSE,After Thorpe did previously,Phelps broke the 400 meter record,After Thorpe did previously%2C Phelps broke the 400 meter record.
14,5,21,American English,filler,31,C,upper-bound non-elliptical,NA,NA,NA,,,The soccer player was happy with his performance.
14,2,21,American English,filler,20,C,lower-bound elliptical,NA,NA,NA,,,Does he understand why and who didn't?
14,1,21,American English,experimental,24,C,[P ← A],passive,active,TRUE,After the local paper was already,Tom criticized the local writers,After the local paper was already%2C Tom criticized the local writers.
14,5,21,American English,filler,29,C,upper-bound non-elliptical,NA,NA,NA,,,Good coaches know which players play well under pressure.
14,5,21,American English,filler,26,C,upper-bound non-elliptical,NA,NA,NA,,,Since you're not answering my question%2C I will assume that you don't know the answer.
14,4,21,American English,experimental,9,C,[A ← A],active,active,FALSE,Before the big corporations did,the local business exploited the autoworkers,Before the big corporations did%2C the local business exploited the autoworkers.
14,5,21,American English,filler,11,C,upper-bound elliptical,NA,NA,NA,,,John knew he would fall asleep eventually%2C but he didn't know when.
14,5,21,American English,filler,2,C,upper-bound elliptical,NA,NA,NA,,,The thief was arrested and his brother was as well.
14,3,21,American English,experimental,3,C,[A ← P],active,passive,TRUE,Before the President did,the fireman was first praised by the Mayor,Before the President did%2C the fireman was first praised by the Mayor.
14,5,21,American English,filler,32,C,upper-bound non-elliptical,NA,NA,NA,,,The cellist made a mistake in her favorite piece.
14,5,21,American English,filler,36,C,upper-bound non-elliptical,NA,NA,NA,,,You enjoy Action TV shows while I prefer documentaries.
14,2,21,American English,experimental,20,C,[P ← A],passive,active,TRUE,After the garage was previously,Jill photographed the house,After the garage was previously%2C Jill photographed the house.
14,2,21,American English,filler,41,C,lower-bound non-elliptical,NA,NA,NA,,,The police found the painting that the journalist claimed who stole.
14,5,21,American English,filler,7,C,upper-bound elliptical,NA,NA,NA,,,Your son was worried that you'll be angry so I told him you won't.
14,3,21,American English,experimental,17,C,[A ← A],active,active,FALSE,After the club owner himself did earlier,the audience booed the guitarist,After the club owner himself did earlier%2C the audience booed the guitarist.
14,5,21,American English,filler,34,C,upper-bound non-elliptical,NA,NA,NA,,,Environmentally aware citizens recycle plastic bags.
14,2,21,American English,filler,44,C,lower-bound non-elliptical,NA,NA,NA,,,The man wondered whether is worth reading what for him.
14,2,21,American English,experimental,22,C,[P ← P],passive,passive,FALSE,After the chef’s private notes were already,the secret recipe was revealed by Kate,After the chef’s private notes were already%2C the secret recipe was revealed by Kate.
14,3,21,American English,filler,48,C,lower-bound non-elliptical,NA,NA,NA,,,The author wasn't sure who she heard who ran into.
14,3,21,American English,filler,37,C,lower-bound non-elliptical,NA,NA,NA,,,If it hasn't dark%2C it is easier to saw pedestrians.
14,3,21,American English,experimental,15,C,[A ← P],active,passive,TRUE,After the police did on Monday,the accountant was investigated by the IRS on Tuesday,After the police did on Monday%2C the accountant was investigated by the IRS on Tuesday.
14,2,21,American English,filler,47,C,lower-bound non-elliptical,NA,NA,NA,,,Don't do what he who doesn't hasn't yet been done.
14,3,21,American English,filler,13,C,lower-bound elliptical,NA,NA,NA,,,A proof that God exists doesn't.
14,5,21,American English,experimental,1,C,[A ← A],active,active,FALSE,Before her mother did,Mary’s father scolded her,Before her mother did%2C Mary’s father scolded her.
14,4,21,American English,filler,24,C,lower-bound elliptical,NA,NA,NA,,,Hailey melted the copper vase%2C and the magnesium one did%2C too.
14,5,21,American English,filler,12,C,upper-bound elliptical,NA,NA,NA,,,Mr. Jones lost his wallet and he has no idea where.
14,4,21,American English,experimental,10,C,[P ← P],passive,passive,FALSE,Before the Chief of Police was,the Mayor was interviewed by the newspapers,Before the Chief of Police was%2C the Mayor was interviewed by the newspapers.
14,5,21,American English,filler,10,C,upper-bound elliptical,NA,NA,NA,,,If you really want to%2C we can get some ice cream on the way.
14,5,21,American English,filler,5,C,upper-bound elliptical,NA,NA,NA,,,The lawyer became angry and he shouldn't have.
14,4,21,American English,experimental,19,C,[A ← P],active,passive,TRUE,After the critic did already,the dessert was praised by the customer,After the critic did already%2C the dessert was praised by the customer.
14,4,21,American English,filler,15,C,lower-bound elliptical,NA,NA,NA,,,Beth's mother invited more people to her wedding than were by Beth herself.
14,5,21,American English,filler,21,C,lower-bound elliptical,NA,NA,NA,,,Betsy did after Peter went to the store.
14,2,21,American English,experimental,2,C,[P ← P],passive,passive,FALSE,Before the confession was,the report was first read by the judge,Before the confession was%2C the report was first read by the judge.
14,5,21,American English,filler,25,C,upper-bound non-elliptical,NA,NA,NA,,,I can't hear the announcement but I don't care.
14,2,21,American English,filler,18,C,lower-bound elliptical,NA,NA,NA,,,Kevin's diaper may be wet%2C but he won't.
14,3,21,American English,experimental,7,C,[A ← P],active,passive,TRUE,Before the credit union did,Susan was offered a loan by the bank,Before the credit union did%2C Susan was offered a loan by the bank.
14,3,21,American English,filler,39,C,lower-bound non-elliptical,NA,NA,NA,,,Most photographers forget whose they took picture within a day.
14,2,21,American English,filler,42,C,lower-bound non-elliptical,NA,NA,NA,,,Claire isn't as fast anymore as the reporter remembers who was five years ago.
14,2,21,American English,experimental,18,C,[P ← P],passive,passive,FALSE,After the chairs were already,the table was criticized by the seller,After the chairs were already%2C the table was criticized by the seller.
14,3,21,American English,filler,16,C,lower-bound elliptical,NA,NA,NA,,,Bill admires Sarah more than she is by anyone else.
14,1,21,American English,filler,40,C,lower-bound non-elliptical,NA,NA,NA,,,What did you meet a janitor that hates?
14,3,21,American English,experimental,13,C,[A ← A],active,active,FALSE,After John did already,Bill pushed the new girl again,After John did already%2C Bill pushed the new girl again.
5,4,19,American English,filler,1,D,upper-bound elliptical,NA,NA,NA,,,The reporter claimed that the decision wasn't made by the president%2C even though it most definitely was.
5,5,19,American English,filler,11,D,upper-bound elliptical,NA,NA,NA,,,John knew he would fall asleep eventually%2C but he didn't know when.
5,2,19,American English,experimental,22,D,[A ← P],active,passive,TRUE,After Sandra did already,the secret recipe was revealed by Kate,After Sandra did already%2C the secret recipe was revealed by Kate.
5,1,19,American English,filler,18,D,lower-bound elliptical,NA,NA,NA,,,Kevin's diaper may be wet%2C but he won't.
5,5,19,American English,filler,35,D,upper-bound non-elliptical,NA,NA,NA,,,Some people's handwriting is so bad that they can't read it themselves.
5,4,19,American English,experimental,1,D,[P ← P],passive,passive,FALSE,Before her sister was,Mary was scolded by her father,Before her sister was%2C Mary was scolded by her father.
5,5,19,American English,filler,31,D,upper-bound non-elliptical,NA,NA,NA,,,The soccer player was happy with his performance.
5,2,19,American English,filler,45,D,lower-bound non-elliptical,NA,NA,NA,,,The mechanic didn't know what the attempt to repair ultimately damaged the car.
5,3,19,American English,experimental,23,D,[P ← A],passive,active,TRUE,After the records office was previously,the department head called the library,After the records office was previously%2C the department head called the library.
5,5,19,American English,filler,8,D,upper-bound elliptical,NA,NA,NA,,,Somebody else should take out the garbage because I can't today.
5,5,19,American English,filler,5,D,upper-bound elliptical,NA,NA,NA,,,The lawyer became angry and he shouldn't have.
5,4,19,American English,experimental,13,D,[P ← P],passive,passive,FALSE,After Jill was already,the new girl was pushed again by Bill,After Jill was already%2C the new girl was pushed again by Bill.
5,2,19,American English,filler,21,D,lower-bound elliptical,NA,NA,NA,,,Betsy did after Peter went to the store.
5,1,19,American English,filler,47,D,lower-bound non-elliptical,NA,NA,NA,,,Don't do what he who doesn't hasn't yet been done.
5,4,19,American English,experimental,12,D,[A ← A],active,active,FALSE,Before the insurance company did,the child’s parents blamed the doctor,Before the insurance company did%2C the child’s parents blamed the doctor.
5,5,19,American English,filler,26,D,upper-bound non-elliptical,NA,NA,NA,,,Since you're not answering my question%2C I will assume that you don't know the answer.
5,3,19,American English,filler,24,D,lower-bound elliptical,NA,NA,NA,,,Hailey melted the copper vase%2C and the magnesium one did%2C too.
5,3,19,American English,experimental,11,D,[P ← A],passive,active,TRUE,Before the witness was,the police questioned the suspect,Before the witness was%2C the police questioned the suspect.
5,4,19,American English,filler,7,D,upper-bound elliptical,NA,NA,NA,,,Your son was worried that you'll be angry so I told him you won't.
5,4,19,American English,filler,17,D,lower-bound elliptical,NA,NA,NA,,,Most people can't lift heavy rocks%2C but I know a guy who can and bend a crowbar%2C too.
5,3,19,American English,experimental,8,D,[A ← A],active,active,FALSE,Before the lawyer did,the policeman’s question surprised the witness,Before the lawyer did%2C the policeman’s question surprised the witness.
5,3,19,American English,filler,14,D,lower-bound elliptical,NA,NA,NA,,,Even in areas where tap water is potable%2C one shouldn't.
5,2,19,American English,filler,38,D,lower-bound non-elliptical,NA,NA,NA,,,Whose didn't you get email?
5,2,19,American English,experimental,7,D,[P ← A],passive,active,TRUE,Before her sisters were,Susan’s bank offered her a loan,Before her sisters were%2C Susan’s bank offered her a loan.
5,5,19,American English,filler,29,D,upper-bound non-elliptical,NA,NA,NA,,,Good coaches know which players play well under pressure.
5,2,19,American English,filler,20,D,lower-bound elliptical,NA,NA,NA,,,Does he understand why and who didn't?
5,2,19,American English,experimental,6,D,[A ← P],active,passive,TRUE,Before her French aunt did,Mary was given French classes by her French grandmother,Before her French aunt did%2C Mary was given French classes by her French grandmother.
5,4,19,American English,filler,13,D,lower-bound elliptical,NA,NA,NA,,,A proof that God exists doesn't.
5,5,19,American English,filler,6,D,upper-bound elliptical,NA,NA,NA,,,This is fascinating%2C it really is.
5,3,19,American English,experimental,14,D,[A ← P],active,passive,TRUE,After Immigration did previously,the student was questioned by Customs,After Immigration did previously%2C the student was questioned by Customs.
5,1,19,American English,filler,37,D,lower-bound non-elliptical,NA,NA,NA,,,If it hasn't dark%2C it is easier to saw pedestrians.
5,5,19,American English,filler,33,D,upper-bound non-elliptical,NA,NA,NA,,,Most readers didn't expect the final plot twist.
5,5,19,American English,experimental,21,D,[P ← P],passive,passive,FALSE,After the 200 meter one was previously,the 400 meter record was broken by Phelps,After the 200 meter one was previously%2C the 400 meter record was broken by Phelps.
5,3,19,American English,filler,22,D,lower-bound elliptical,NA,NA,NA,,,That Harry is a fool bothers Dick%2C and that Bill is a fool Sam.
5,2,19,American English,filler,43,D,lower-bound non-elliptical,NA,NA,NA,,,Who did the press secretary ask a question before we interviewed?
5,4,19,American English,experimental,15,D,[P ← A],passive,active,TRUE,After the CEO was on Monday,the IRS investigated the accountant on Tuesday,After the CEO was on Monday%2C the IRS investigated the accountant on Tuesday.
5,2,19,American English,filler,23,D,lower-bound elliptical,NA,NA,NA,,,Joe was murdered%2C but we don't know who.
5,5,19,American English,filler,10,D,upper-bound elliptical,NA,NA,NA,,,If you really want to%2C we can get some ice cream on the way.
5,4,19,American English,experimental,16,D,[A ← A],active,active,FALSE,After the Germans did previously,the Cubans beat the volleyball team,After the Germans did previously%2C the Cubans beat the volleyball team.
5,1,19,American English,filler,41,D,lower-bound non-elliptical,NA,NA,NA,,,The police found the painting that the journalist claimed who stole.
5,2,19,American English,filler,15,D,lower-bound elliptical,NA,NA,NA,,,Beth's mother invited more people to her wedding than were by Beth herself.
5,4,19,American English,experimental,19,D,[P ← A],passive,active,TRUE,After the appetizer was already,the customer praised the dessert,After the appetizer was already%2C the customer praised the dessert.
5,5,19,American English,filler,36,D,upper-bound non-elliptical,NA,NA,NA,,,You enjoy Action TV shows while I prefer documentaries.
5,2,19,American English,filler,19,D,lower-bound elliptical,NA,NA,NA,,,I know why it happened but it wasn't.
5,4,19,American English,experimental,2,D,[A ← P],active,passive,TRUE,Before the lawyer did,the report was first read by the judge,Before the lawyer did%2C the report was first read by the judge.
5,5,19,American English,filler,32,D,upper-bound non-elliptical,NA,NA,NA,,,The cellist made a mistake in her favorite piece.
5,5,19,American English,filler,12,D,upper-bound elliptical,NA,NA,NA,,,Mr. Jones lost his wallet and he has no idea where.
5,4,19,American English,experimental,5,D,[P ← P],passive,passive,FALSE,Before the Teaching Assistant was,the student was praised by the old schoolmaster,Before the Teaching Assistant was%2C the student was praised by the old schoolmaster.
5,5,19,American English,filler,30,D,upper-bound non-elliptical,NA,NA,NA,,,The older daughter taught her younger sister how to cook.
5,5,19,American English,filler,28,D,upper-bound non-elliptical,NA,NA,NA,,,Sometimes Susan has a hard time keeping up in class.
5,4,19,American English,experimental,4,D,[A ← A],active,active,FALSE,Before the announcer did,the talk-show host hugged the winner,Before the announcer did%2C the talk-show host hugged the winner.
5,1,19,American English,filler,16,D,lower-bound elliptical,NA,NA,NA,,,Bill admires Sarah more than she is by anyone else.
5,1,19,American English,filler,46,D,lower-bound non-elliptical,NA,NA,NA,,,What do you wish that to buy would be no problem?
5,4,19,American English,experimental,3,D,[P ← A],passive,active,TRUE,Before the policeman was,the Mayor first praised the fireman,Before the policeman was%2C the Mayor first praised the fireman.
5,3,19,American English,filler,42,D,lower-bound non-elliptical,NA,NA,NA,,,Claire isn't as fast anymore as the reporter remembers who was five years ago.
5,2,19,American English,filler,39,D,lower-bound non-elliptical,NA,NA,NA,,,Most photographers forget whose they took picture within a day.
5,4,19,American English,experimental,9,D,[P ← P],passive,passive,FALSE,Before the metal workers were,the autoworkers were exploited by the local business,Before the metal workers were%2C the autoworkers were exploited by the local business.
5,5,19,American English,filler,3,D,upper-bound elliptical,NA,NA,NA,,,I wish I knew where the remote control is%2C but I don't.
5,5,19,American English,filler,27,D,upper-bound non-elliptical,NA,NA,NA,,,Stop me when my time is up!
5,4,19,American English,experimental,10,D,[A ← P],active,passive,TRUE,Before the TV networks did,the Mayor was interviewed by the newspapers,Before the TV networks did%2C the Mayor was interviewed by the newspapers.
5,2,19,American English,filler,40,D,lower-bound non-elliptical,NA,NA,NA,,,What did you meet a janitor that hates?
5,5,19,American English,filler,34,D,upper-bound non-elliptical,NA,NA,NA,,,Environmentally aware citizens recycle plastic bags.
5,4,19,American English,experimental,20,D,[A ← A],active,active,FALSE,After Sally did previously,Jill photographed the house,After Sally did previously%2C Jill photographed the house.
5,4,19,American English,filler,2,D,upper-bound elliptical,NA,NA,NA,,,The thief was arrested and his brother was as well.
5,4,19,American English,filler,9,D,upper-bound elliptical,NA,NA,NA,,,Bob's always wanted to travel to Bolivia and now he finally did.
5,3,19,American English,experimental,18,D,[A ← P],active,passive,TRUE,After the buyer did already,the table was criticized by the seller,After the buyer did already%2C the table was criticized by the seller.
5,1,19,American English,filler,44,D,lower-bound non-elliptical,NA,NA,NA,,,The man wondered whether is worth reading what for him.
5,5,19,American English,filler,25,D,upper-bound non-elliptical,NA,NA,NA,,,I can't hear the announcement but I don't care.
5,2,19,American English,experimental,17,D,[P ← P],passive,passive,FALSE,After the lead singer herself was earlier,the guitarist was booed by the audience,After the lead singer herself was earlier%2C the guitarist was booed by the audience.
5,5,19,American English,filler,4,D,upper-bound elliptical,NA,NA,NA,,,Some guests brought drinks to the party although they didn't have to.
5,1,19,American English,filler,48,D,lower-bound non-elliptical,NA,NA,NA,,,The author wasn't sure who she heard who ran into.
5,4,19,American English,experimental,24,D,[A ← A],active,active,FALSE,After the professor did already,Tom criticized the local writers,After the professor did already%2C Tom criticized the local writers.
13,1,19,American English,filler,38,A,lower-bound non-elliptical,NA,NA,NA,,,Whose didn't you get email?
13,4,19,American English,experimental,9,A,[A ← P],active,passive,TRUE,Before the big corporations did,the autoworkers were exploited by the local business,Before the big corporations did%2C the autoworkers were exploited by the local business.
13,5,19,American English,filler,21,A,lower-bound elliptical,NA,NA,NA,,,Betsy did after Peter went to the store.
13,5,19,American English,filler,33,A,upper-bound non-elliptical,NA,NA,NA,,,Most readers didn't expect the final plot twist.
13,5,19,American English,experimental,15,A,[A ← A],active,active,FALSE,After the police did on Monday,the IRS investigated the accountant on Tuesday,After the police did on Monday%2C the IRS investigated the accountant on Tuesday.
13,5,19,American English,filler,10,A,upper-bound elliptical,NA,NA,NA,,,If you really want to%2C we can get some ice cream on the way.
13,5,19,American English,filler,29,A,upper-bound non-elliptical,NA,NA,NA,,,Good coaches know which players play well under pressure.
13,5,19,American English,experimental,19,A,[A ← A],active,active,FALSE,After the critic did already,the customer praised the dessert,After the critic did already%2C the customer praised the dessert.
13,5,19,American English,filler,1,A,upper-bound elliptical,NA,NA,NA,,,The reporter claimed that the decision wasn't made by the president%2C even though it most definitely was.
13,1,19,American English,filler,19,A,lower-bound elliptical,NA,NA,NA,,,I know why it happened but it wasn't.
13,1,19,American English,experimental,18,A,[P ← A],passive,active,TRUE,After the chairs were already,the seller criticized the table,After the chairs were already%2C the seller criticized the table.
13,5,19,American English,filler,27,A,upper-bound non-elliptical,NA,NA,NA,,,Stop me when my time is up!
13,5,19,American English,filler,12,A,upper-bound elliptical,NA,NA,NA,,,Mr. Jones lost his wallet and he has no idea where.
13,5,19,American English,experimental,4,A,[P ← P],passive,passive,FALSE,Before the loser was,the winner was hugged by the talk-show host,Before the loser was%2C the winner was hugged by the talk-show host.
13,5,19,American English,filler,25,A,upper-bound non-elliptical,NA,NA,NA,,,I can't hear the announcement but I don't care.
13,1,19,American English,filler,40,A,lower-bound non-elliptical,NA,NA,NA,,,What did you meet a janitor that hates?
13,5,19,American English,experimental,1,A,[A ← P],active,passive,TRUE,Before her mother did,Mary was scolded by her father,Before her mother did%2C Mary was scolded by her father.
13,5,19,American English,filler,4,A,upper-bound elliptical,NA,NA,NA,,,Some guests brought drinks to the party although they didn't have to.
13,3,19,American English,filler,24,A,lower-bound elliptical,NA,NA,NA,,,Hailey melted the copper vase%2C and the magnesium one did%2C too.
13,5,19,American English,experimental,13,A,[A ← P],active,passive,TRUE,After John did already,the new girl was pushed again by Bill,After John did already%2C the new girl was pushed again by Bill.
13,5,19,American English,filler,36,A,upper-bound non-elliptical,NA,NA,NA,,,You enjoy Action TV shows while I prefer documentaries.
13,1,19,American English,filler,44,A,lower-bound non-elliptical,NA,NA,NA,,,The man wondered whether is worth reading what for him.
13,5,19,American English,experimental,23,A,[A ← A],active,active,FALSE,After the department secretary did previously,the department head called the library,After the department secretary did previously%2C the department head called the library.
13,4,19,American English,filler,15,A,lower-bound elliptical,NA,NA,NA,,,Beth's mother invited more people to her wedding than were by Beth herself.
13,5,19,American English,filler,8,A,upper-bound elliptical,NA,NA,NA,,,Somebody else should take out the garbage because I can't today.
13,4,19,American English,experimental,14,A,[P ← A],passive,active,TRUE,After his friend was previously,Customs questioned the student,After his friend was previously%2C Customs questioned the student.
13,5,19,American English,filler,20,A,lower-bound elliptical,NA,NA,NA,,,Does he understand why and who didn't?
13,1,19,American English,filler,13,A,lower-bound elliptical,NA,NA,NA,,,A proof that God exists doesn't.
13,5,19,American English,experimental,12,A,[P ← P],passive,passive,FALSE,Before the head nurse was,the doctor was blamed by the child’s parents,Before the head nurse was%2C the doctor was blamed by the child’s parents.
13,1,19,American English,filler,18,A,lower-bound elliptical,NA,NA,NA,,,Kevin's diaper may be wet%2C but he won't.
13,5,19,American English,filler,6,A,upper-bound elliptical,NA,NA,NA,,,This is fascinating%2C it really is.
13,3,19,American English,experimental,21,A,[A ← P],active,passive,TRUE,After Thorpe did previously,the 400 meter record was broken by Phelps,After Thorpe did previously%2C the 400 meter record was broken by Phelps.
13,5,19,American English,filler,31,A,upper-bound non-elliptical,NA,NA,NA,,,The soccer player was happy with his performance.
13,2,19,American English,filler,14,A,lower-bound elliptical,NA,NA,NA,,,Even in areas where tap water is potable%2C one shouldn't.
13,5,19,American English,experimental,7,A,[A ← A],active,active,FALSE,Before the credit union did,Susan’s bank offered her a loan,Before the credit union did%2C Susan’s bank offered her a loan.
13,5,19,American English,filler,5,A,upper-bound elliptical,NA,NA,NA,,,The lawyer became angry and he shouldn't have.
13,5,19,American English,filler,11,A,upper-bound elliptical,NA,NA,NA,,,John knew he would fall asleep eventually%2C but he didn't know when.
13,4,19,American English,experimental,10,A,[P ← A],passive,active,TRUE,Before the Chief of Police was,the newspaper interviewed the Mayor,Before the Chief of Police was%2C the newspaper interviewed the Mayor.
13,5,19,American English,filler,30,A,upper-bound non-elliptical,NA,NA,NA,,,The older daughter taught her younger sister how to cook.
13,1,19,American English,filler,47,A,lower-bound non-elliptical,NA,NA,NA,,,Don't do what he who doesn't hasn't yet been done.
13,3,19,American English,experimental,6,A,[P ← A],passive,active,TRUE,Before her sister was,Mary’s French grandmother gave her French classes,Before her sister was%2C Mary’s French grandmother gave her French classes.
13,4,19,American English,filler,46,A,lower-bound non-elliptical,NA,NA,NA,,,What do you wish that to buy would be no problem?
13,5,19,American English,filler,32,A,upper-bound non-elliptical,NA,NA,NA,,,The cellist made a mistake in her favorite piece.
13,5,19,American English,experimental,8,A,[P ← P],passive,passive,FALSE,Before the accused was,the witness was surprised by the policeman’s question,Before the accused was%2C the witness was surprised by the policeman’s question.
13,4,19,American English,filler,42,A,lower-bound non-elliptical,NA,NA,NA,,,Claire isn't as fast anymore as the reporter remembers who was five years ago.
13,2,19,American English,filler,22,A,lower-bound elliptical,NA,NA,NA,,,That Harry is a fool bothers Dick%2C and that Bill is a fool Sam.
13,5,19,American English,experimental,11,A,[A ← A],active,active,FALSE,Before the lawyer did,the police questioned the suspect,Before the lawyer did%2C the police questioned the suspect.
13,1,19,American English,filler,45,A,lower-bound non-elliptical,NA,NA,NA,,,The mechanic didn't know what the attempt to repair ultimately damaged the car.
13,5,19,American English,filler,34,A,upper-bound non-elliptical,NA,NA,NA,,,Environmentally aware citizens recycle plastic bags.
13,5,19,American English,experimental,2,A,[P ← A],passive,active,TRUE,Before the confession was,the judge read the report first,Before the confession was%2C the judge read the report first.
13,3,19,American English,filler,41,A,lower-bound non-elliptical,NA,NA,NA,,,The police found the painting that the journalist claimed who stole.
13,5,19,American English,filler,26,A,upper-bound non-elliptical,NA,NA,NA,,,Since you're not answering my question%2C I will assume that you don't know the answer.
13,5,19,American English,experimental,22,A,[P ← A],passive,active,TRUE,After the chef’s private notes were already,Kate revealed the secret recipe,After the chef’s private notes were already%2C Kate revealed the secret recipe.
13,2,19,American English,filler,48,A,lower-bound non-elliptical,NA,NA,NA,,,The author wasn't sure who she heard who ran into.
13,3,19,American English,filler,43,A,lower-bound non-elliptical,NA,NA,NA,,,Who did the press secretary ask a question before we interviewed?
13,5,19,American English,experimental,3,A,[A ← A],active,active,FALSE,Before the President did,the Mayor first praised the fireman,Before the President did%2C the Mayor first praised the fireman.
13,5,19,American English,filler,17,A,lower-bound elliptical,NA,NA,NA,,,Most people can't lift heavy rocks%2C but I know a guy who can and bend a crowbar%2C too.
13,2,19,American English,filler,37,A,lower-bound non-elliptical,NA,NA,NA,,,If it hasn't dark%2C it is easier to saw pedestrians.
13,4,19,American English,experimental,17,A,[A ← P],active,passive,TRUE,After the club owner himself did earlier,the guitarist was booed by the audience,After the club owner himself did earlier%2C the guitarist was booed by the audience.
13,5,19,American English,filler,35,A,upper-bound non-elliptical,NA,NA,NA,,,Some people's handwriting is so bad that they can't read it themselves.
13,5,19,American English,filler,2,A,upper-bound elliptical,NA,NA,NA,,,The thief was arrested and his brother was as well.
13,5,19,American English,experimental,5,A,[A ← P],active,passive,TRUE,Before the advisor did,the student was praised by the old schoolmaster,Before the advisor did%2C the student was praised by the old schoolmaster.
13,4,19,American English,filler,7,A,upper-bound elliptical,NA,NA,NA,,,Your son was worried that you'll be angry so I told him you won't.
13,2,19,American English,filler,39,A,lower-bound non-elliptical,NA,NA,NA,,,Most photographers forget whose they took picture within a day.
13,5,19,American English,experimental,16,A,[P ← P],passive,passive,FALSE,After the tennis team was previously,the volleyball team was beaten by the Cubans,After the tennis team was previously%2C the volleyball team was beaten by the Cubans.
13,5,19,American English,filler,16,A,lower-bound elliptical,NA,NA,NA,,,Bill admires Sarah more than she is by anyone else.
13,5,19,American English,filler,3,A,upper-bound elliptical,NA,NA,NA,,,I wish I knew where the remote control is%2C but I don't.
13,5,19,American English,experimental,20,A,[P ← P],passive,passive,FALSE,After the garage was previously,the house was photographed by Jill,After the garage was previously%2C the house was photographed by Jill.
13,4,19,American English,filler,23,A,lower-bound elliptical,NA,NA,NA,,,Joe was murdered%2C but we don't know who.
13,5,19,American English,filler,9,A,upper-bound elliptical,NA,NA,NA,,,Bob's always wanted to travel to Bolivia and now he finally did.
13,5,19,American English,experimental,24,A,[P ← P],passive,passive,FALSE,After the local paper was already,the local writers were criticized by Tom,After the local paper was already%2C the local writers were criticized by Tom.
13,5,19,American English,filler,28,A,upper-bound non-elliptical,NA,NA,NA,,,Sometimes Susan has a hard time keeping up in class.
15,5,51,American English,filler,4,B,upper-bound elliptical,NA,NA,NA,,,Some guests brought drinks to the party although they didn't have to.
15,5,51,American English,filler,30,B,upper-bound non-elliptical,NA,NA,NA,,,The older daughter taught her younger sister how to cook.
15,2,51,American English,experimental,9,B,[P ← A],passive,active,TRUE,Before the metal workers were,the local business exploited the autoworkers,Before the metal workers were%2C the local business exploited the autoworkers.
15,3,51,American English,filler,14,B,lower-bound elliptical,NA,NA,NA,,,Even in areas where tap water is potable%2C one shouldn't.
15,5,51,American English,filler,9,B,upper-bound elliptical,NA,NA,NA,,,Bob's always wanted to travel to Bolivia and now he finally did.
15,4,51,American English,experimental,11,B,[P ← P],passive,passive,FALSE,Before the witness was,the suspect was questioned by the police,Before the witness was%2C the suspect was questioned by the police.
15,4,51,American English,filler,39,B,lower-bound non-elliptical,NA,NA,NA,,,Most photographers forget whose they took picture within a day.
15,5,51,American English,filler,32,B,upper-bound non-elliptical,NA,NA,NA,,,The cellist made a mistake in her favorite piece.
15,3,51,American English,experimental,22,B,[A ← A],active,active,FALSE,After Sandra did already,Kate revealed the secret recipe,After Sandra did already%2C Kate revealed the secret recipe.
15,5,51,American English,filler,34,B,upper-bound non-elliptical,NA,NA,NA,,,Environmentally aware citizens recycle plastic bags.
15,5,51,American English,filler,18,B,lower-bound elliptical,NA,NA,NA,,,Kevin's diaper may be wet%2C but he won't.
15,3,51,American English,experimental,4,B,[A ← P],active,passive,TRUE,Before the announcer did,the winner was hugged by the talk-show host,Before the announcer did%2C the winner was hugged by the talk-show host.
15,5,51,American English,filler,35,B,upper-bound non-elliptical,NA,NA,NA,,,Some people's handwriting is so bad that they can't read it themselves.
15,3,51,American English,filler,16,B,lower-bound elliptical,NA,NA,NA,,,Bill admires Sarah more than she is by anyone else.
15,2,51,American English,experimental,18,B,[A ← A],active,active,FALSE,After the buyer did already,the seller criticized the table,After the buyer did already%2C the seller criticized the table.
15,4,51,American English,filler,7,B,upper-bound elliptical,NA,NA,NA,,,Your son was worried that you'll be angry so I told him you won't.
15,3,51,American English,filler,21,B,lower-bound elliptical,NA,NA,NA,,,Betsy did after Peter went to the store.
15,2,51,American English,experimental,5,B,[P ← A],passive,active,TRUE,Before the Teaching Assistant was,the old schoolmaster praised the student,Before the Teaching Assistant was%2C the old schoolmaster praised the student.
15,2,51,American English,filler,19,B,lower-bound elliptical,NA,NA,NA,,,I know why it happened but it wasn't.
15,5,51,American English,filler,6,B,upper-bound elliptical,NA,NA,NA,,,This is fascinating%2C it really is.
15,3,51,American English,experimental,19,B,[P ← P],passive,passive,FALSE,After the appetizer was already,the dessert was praised by the customer,After the appetizer was already%2C the dessert was praised by the customer.
15,2,51,American English,filler,45,B,lower-bound non-elliptical,NA,NA,NA,,,The mechanic didn't know what the attempt to repair ultimately damaged the car.
15,5,51,American English,filler,31,B,upper-bound non-elliptical,NA,NA,NA,,,The soccer player was happy with his performance.
15,2,51,American English,experimental,8,B,[A ← P],active,passive,TRUE,Before the lawyer did,the witness was surprised by the policeman’s question,Before the lawyer did%2C the witness was surprised by the policeman’s question.
15,4,51,American English,filler,12,B,upper-bound elliptical,NA,NA,NA,,,Mr. Jones lost his wallet and he has no idea where.
15,5,51,American English,filler,5,B,upper-bound elliptical,NA,NA,NA,,,The lawyer became angry and he shouldn't have.
15,3,51,American English,experimental,12,B,[A ← P],active,passive,TRUE,Before the insurance company did,the doctor was blamed by the child’s parents,Before the insurance company did%2C the doctor was blamed by the child’s parents.
15,5,51,American English,filler,33,B,upper-bound non-elliptical,NA,NA,NA,,,Most readers didn't expect the final plot twist.
15,4,51,American English,filler,46,B,lower-bound non-elliptical,NA,NA,NA,,,What do you wish that to buy would be no problem?
15,4,51,American English,experimental,10,B,[A ← A],active,active,FALSE,Before the TV networks did,the newspaper interviewed the Mayor,Before the TV networks did%2C the newspaper interviewed the Mayor.
15,3,51,American English,filler,22,B,lower-bound elliptical,NA,NA,NA,,,That Harry is a fool bothers Dick%2C and that Bill is a fool Sam.
15,4,51,American English,filler,15,B,lower-bound elliptical,NA,NA,NA,,,Beth's mother invited more people to her wedding than were by Beth herself.
15,4,51,American English,experimental,20,B,[A ← P],active,passive,TRUE,After Sally did previously,the house was photographed by Jill,After Sally did previously%2C the house was photographed by Jill.
15,5,51,American English,filler,2,B,upper-bound elliptical,NA,NA,NA,,,The thief was arrested and his brother was as well.
15,3,51,American English,filler,38,B,lower-bound non-elliptical,NA,NA,NA,,,Whose didn't you get email?
15,4,51,American English,experimental,16,B,[A ← P],active,passive,TRUE,After the Germans did previously,the volleyball team was beaten by the Cubans,After the Germans did previously%2C the volleyball team was beaten by the Cubans.
15,5,51,American English,filler,3,B,upper-bound elliptical,NA,NA,NA,,,I wish I knew where the remote control is%2C but I don't.
15,2,51,American English,filler,42,B,lower-bound non-elliptical,NA,NA,NA,,,Claire isn't as fast anymore as the reporter remembers who was five years ago.
15,3,51,American English,experimental,21,B,[P ← A],passive,active,TRUE,After the 200 meter one was previously,Phelps broke the 400 meter record,After the 200 meter one was previously%2C Phelps broke the 400 meter record.
15,5,51,American English,filler,27,B,upper-bound non-elliptical,NA,NA,NA,,,Stop me when my time is up!
15,5,51,American English,filler,1,B,upper-bound elliptical,NA,NA,NA,,,The reporter claimed that the decision wasn't made by the president%2C even though it most definitely was.
15,4,51,American English,experimental,7,B,[P ← P],passive,passive,FALSE,Before her sisters were,Susan was offered a loan by the bank,Before her sisters were%2C Susan was offered a loan by the bank.
15,5,51,American English,filler,29,B,upper-bound non-elliptical,NA,NA,NA,,,Good coaches know which players play well under pressure.
15,2,51,American English,filler,40,B,lower-bound non-elliptical,NA,NA,NA,,,What did you meet a janitor that hates?
15,3,51,American English,experimental,1,B,[P ← A],passive,active,TRUE,Before her sister was,Mary’s father scolded her,Before her sister was%2C Mary’s father scolded her.
15,3,51,American English,filler,20,B,lower-bound elliptical,NA,NA,NA,,,Does he understand why and who didn't?
15,3,51,American English,filler,13,B,lower-bound elliptical,NA,NA,NA,,,A proof that God exists doesn't.
15,3,51,American English,experimental,17,B,[P ← A],passive,active,TRUE,After the lead singer herself was earlier,the audience booed the guitarist,After the lead singer herself was earlier%2C the audience booed the guitarist.
15,4,51,American English,filler,23,B,lower-bound elliptical,NA,NA,NA,,,Joe was murdered%2C but we don't know who.
15,5,51,American English,filler,8,B,upper-bound elliptical,NA,NA,NA,,,Somebody else should take out the garbage because I can't today.
15,4,51,American English,experimental,23,B,[P ← P],passive,passive,FALSE,After the records office was previously,the library was called by the department head,After the records office was previously%2C the library was called by the department head.
15,2,51,American English,filler,48,B,lower-bound non-elliptical,NA,NA,NA,,,The author wasn't sure who she heard who ran into.
15,5,51,American English,filler,11,B,upper-bound elliptical,NA,NA,NA,,,John knew he would fall asleep eventually%2C but he didn't know when.
15,4,51,American English,experimental,2,B,[A ← A],active,active,FALSE,Before the lawyer did,the judge read the report first,Before the lawyer did%2C the judge read the report first.
15,5,51,American English,filler,28,B,upper-bound non-elliptical,NA,NA,NA,,,Sometimes Susan has a hard time keeping up in class.
15,2,51,American English,filler,37,B,lower-bound non-elliptical,NA,NA,NA,,,If it hasn't dark%2C it is easier to saw pedestrians.
15,4,51,American English,experimental,3,B,[P ← P],passive,passive,FALSE,Before the policeman was,the fireman was first praised by the Mayor,Before the policeman was%2C the fireman was first praised by the Mayor.
15,2,51,American English,filler,44,B,lower-bound non-elliptical,NA,NA,NA,,,The man wondered whether is worth reading what for him.
15,5,51,American English,filler,36,B,upper-bound non-elliptical,NA,NA,NA,,,You enjoy Action TV shows while I prefer documentaries.
15,4,51,American English,experimental,24,B,[A ← P],active,passive,TRUE,After the professor did already,the local writers were criticized by Tom,After the professor did already%2C the local writers were criticized by Tom.
15,5,51,American English,filler,25,B,upper-bound non-elliptical,NA,NA,NA,,,I can't hear the announcement but I don't care.
15,2,51,American English,filler,47,B,lower-bound non-elliptical,NA,NA,NA,,,Don't do what he who doesn't hasn't yet been done.
15,2,51,American English,experimental,13,B,[P ← A],passive,active,TRUE,After Jill was already,Bill pushed the new girl again,After Jill was already%2C Bill pushed the new girl again.
15,5,51,American English,filler,26,B,upper-bound non-elliptical,NA,NA,NA,,,Since you're not answering my question%2C I will assume that you don't know the answer.
15,2,51,American English,filler,24,B,lower-bound elliptical,NA,NA,NA,,,Hailey melted the copper vase%2C and the magnesium one did%2C too.
15,4,51,American English,experimental,15,B,[P ← P],passive,passive,FALSE,After the CEO was on Monday,the accountant was investigated by the IRS on Tuesday,After the CEO was on Monday%2C the accountant was investigated by the IRS on Tuesday.
15,5,51,American English,filler,10,B,upper-bound elliptical,NA,NA,NA,,,If you really want to%2C we can get some ice cream on the way.
15,4,51,American English,filler,17,B,lower-bound elliptical,NA,NA,NA,,,Most people can't lift heavy rocks%2C but I know a guy who can and bend a crowbar%2C too.
15,5,51,American English,experimental,14,B,[A ← A],active,active,FALSE,After Immigration did previously,Customs questioned the student,After Immigration did previously%2C Customs questioned the student.
15,2,51,American English,filler,41,B,lower-bound non-elliptical,NA,NA,NA,,,The police found the painting that the journalist claimed who stole.
15,4,51,American English,filler,43,B,lower-bound non-elliptical,NA,NA,NA,,,Who did the press secretary ask a question before we interviewed?
15,5,51,American English,experimental,6,B,[A ← A],active,active,FALSE,Before her French aunt did,Mary’s French grandmother gave her French classes,Before her French aunt did%2C Mary’s French grandmother gave her French classes.
12,4,20,American English,filler,7,B,upper-bound elliptical,NA,NA,NA,,,Your son was worried that you'll be angry so I told him you won't.
12,2,20,American English,filler,44,B,lower-bound non-elliptical,NA,NA,NA,,,The man wondered whether is worth reading what for him.
12,4,20,American English,experimental,2,B,[A ← A],active,active,FALSE,Before the lawyer did,the judge read the report first,Before the lawyer did%2C the judge read the report first.
12,5,20,American English,filler,28,B,upper-bound non-elliptical,NA,NA,NA,,,Sometimes Susan has a hard time keeping up in class.
12,3,20,American English,filler,20,B,lower-bound elliptical,NA,NA,NA,,,Does he understand why and who didn't?
12,2,20,American English,experimental,17,B,[P ← A],passive,active,TRUE,After the lead singer herself was earlier,the audience booed the guitarist,After the lead singer herself was earlier%2C the audience booed the guitarist.
12,5,20,American English,filler,4,B,upper-bound elliptical,NA,NA,NA,,,Some guests brought drinks to the party although they didn't have to.
12,2,20,American English,filler,19,B,lower-bound elliptical,NA,NA,NA,,,I know why it happened but it wasn't.
12,4,20,American English,experimental,18,B,[A ← A],active,active,FALSE,After the buyer did already,the seller criticized the table,After the buyer did already%2C the seller criticized the table.
12,5,20,American English,filler,31,B,upper-bound non-elliptical,NA,NA,NA,,,The soccer player was happy with his performance.
12,4,20,American English,filler,6,B,upper-bound elliptical,NA,NA,NA,,,This is fascinating%2C it really is.
12,4,20,American English,experimental,12,B,[A ← P],active,passive,TRUE,Before the insurance company did,the doctor was blamed by the child’s parents,Before the insurance company did%2C the doctor was blamed by the child’s parents.
12,5,20,American English,filler,25,B,upper-bound non-elliptical,NA,NA,NA,,,I can't hear the announcement but I don't care.
12,4,20,American English,filler,14,B,lower-bound elliptical,NA,NA,NA,,,Even in areas where tap water is potable%2C one shouldn't.
12,4,20,American English,experimental,5,B,[P ← A],passive,active,TRUE,Before the Teaching Assistant was,the old schoolmaster praised the student,Before the Teaching Assistant was%2C the old schoolmaster praised the student.
12,5,20,American English,filler,47,B,lower-bound non-elliptical,NA,NA,NA,,,Don't do what he who doesn't hasn't yet been done.
12,1,20,American English,filler,37,B,lower-bound non-elliptical,NA,NA,NA,,,If it hasn't dark%2C it is easier to saw pedestrians.
12,3,20,American English,experimental,9,B,[P ← A],passive,active,TRUE,Before the metal workers were,the local business exploited the autoworkers,Before the metal workers were%2C the local business exploited the autoworkers.
12,4,20,American English,filler,21,B,lower-bound elliptical,NA,NA,NA,,,Betsy did after Peter went to the store.
12,2,20,American English,filler,39,B,lower-bound non-elliptical,NA,NA,NA,,,Most photographers forget whose they took picture within a day.
12,3,20,American English,experimental,22,B,[A ← A],active,active,FALSE,After Sandra did already,Kate revealed the secret recipe,After Sandra did already%2C Kate revealed the secret recipe.
12,5,20,American English,filler,8,B,upper-bound elliptical,NA,NA,NA,,,Somebody else should take out the garbage because I can't today.
12,2,20,American English,filler,13,B,lower-bound elliptical,NA,NA,NA,,,A proof that God exists doesn't.
12,3,20,American English,experimental,16,B,[A ← P],active,passive,TRUE,After the Germans did previously,the volleyball team was beaten by the Cubans,After the Germans did previously%2C the volleyball team was beaten by the Cubans.
12,5,20,American English,filler,32,B,upper-bound non-elliptical,NA,NA,NA,,,The cellist made a mistake in her favorite piece.
12,5,20,American English,filler,33,B,upper-bound non-elliptical,NA,NA,NA,,,Most readers didn't expect the final plot twist.
12,2,20,American English,experimental,19,B,[P ← P],passive,passive,FALSE,After the appetizer was already,the dessert was praised by the customer,After the appetizer was already%2C the dessert was praised by the customer.
12,1,20,American English,filler,42,B,lower-bound non-elliptical,NA,NA,NA,,,Claire isn't as fast anymore as the reporter remembers who was five years ago.
12,1,20,American English,filler,46,B,lower-bound non-elliptical,NA,NA,NA,,,What do you wish that to buy would be no problem?
12,3,20,American English,experimental,11,B,[P ← P],passive,passive,FALSE,Before the witness was,the suspect was questioned by the police,Before the witness was%2C the suspect was questioned by the police.
12,5,20,American English,filler,36,B,upper-bound non-elliptical,NA,NA,NA,,,You enjoy Action TV shows while I prefer documentaries.
12,3,20,American English,filler,48,B,lower-bound non-elliptical,NA,NA,NA,,,The author wasn't sure who she heard who ran into.
12,4,20,American English,experimental,14,B,[A ← A],active,active,FALSE,After Immigration did previously,Customs questioned the student,After Immigration did previously%2C Customs questioned the student.
12,2,20,American English,filler,24,B,lower-bound elliptical,NA,NA,NA,,,Hailey melted the copper vase%2C and the magnesium one did%2C too.
12,5,20,American English,filler,43,B,lower-bound non-elliptical,NA,NA,NA,,,Who did the press secretary ask a question before we interviewed?
12,4,20,American English,experimental,13,B,[P ← A],passive,active,TRUE,After Jill was already,Bill pushed the new girl again,After Jill was already%2C Bill pushed the new girl again.
12,3,20,American English,filler,22,B,lower-bound elliptical,NA,NA,NA,,,That Harry is a fool bothers Dick%2C and that Bill is a fool Sam.
12,4,20,American English,filler,26,B,upper-bound non-elliptical,NA,NA,NA,,,Since you're not answering my question%2C I will assume that you don't know the answer.
12,3,20,American English,experimental,4,B,[A ← P],active,passive,TRUE,Before the announcer did,the winner was hugged by the talk-show host,Before the announcer did%2C the winner was hugged by the talk-show host.
12,2,20,American English,filler,23,B,lower-bound elliptical,NA,NA,NA,,,Joe was murdered%2C but we don't know who.
12,5,20,American English,filler,34,B,upper-bound non-elliptical,NA,NA,NA,,,Environmentally aware citizens recycle plastic bags.
12,3,20,American English,experimental,7,B,[P ← P],passive,passive,FALSE,Before her sisters were,Susan was offered a loan by the bank,Before her sisters were%2C Susan was offered a loan by the bank.
12,5,20,American English,filler,9,B,upper-bound elliptical,NA,NA,NA,,,Bob's always wanted to travel to Bolivia and now he finally did.
12,2,20,American English,filler,38,B,lower-bound non-elliptical,NA,NA,NA,,,Whose didn't you get email?
12,3,20,American English,experimental,1,B,[P ← A],passive,active,TRUE,Before her sister was,Mary’s father scolded her,Before her sister was%2C Mary’s father scolded her.
12,2,20,American English,filler,40,B,lower-bound non-elliptical,NA,NA,NA,,,What did you meet a janitor that hates?
12,2,20,American English,filler,17,B,lower-bound elliptical,NA,NA,NA,,,Most people can't lift heavy rocks%2C but I know a guy who can and bend a crowbar%2C too.
12,2,20,American English,experimental,21,B,[P ← A],passive,active,TRUE,After the 200 meter one was previously,Phelps broke the 400 meter record,After the 200 meter one was previously%2C Phelps broke the 400 meter record.
12,5,20,American English,filler,12,B,upper-bound elliptical,NA,NA,NA,,,Mr. Jones lost his wallet and he has no idea where.
12,5,20,American English,filler,29,B,upper-bound non-elliptical,NA,NA,NA,,,Good coaches know which players play well under pressure.
12,2,20,American English,experimental,23,B,[P ← P],passive,passive,FALSE,After the records office was previously,the library was called by the department head,After the records office was previously%2C the library was called by the department head.
12,5,20,American English,filler,3,B,upper-bound elliptical,NA,NA,NA,,,I wish I knew where the remote control is%2C but I don't.
12,5,20,American English,filler,5,B,upper-bound elliptical,NA,NA,NA,,,The lawyer became angry and he shouldn't have.
12,2,20,American English,experimental,15,B,[P ← P],passive,passive,FALSE,After the CEO was on Monday,the accountant was investigated by the IRS on Tuesday,After the CEO was on Monday%2C the accountant was investigated by the IRS on Tuesday.
12,5,20,American English,filler,30,B,upper-bound non-elliptical,NA,NA,NA,,,The older daughter taught her younger sister how to cook.
12,5,20,American English,filler,10,B,upper-bound elliptical,NA,NA,NA,,,If you really want to%2C we can get some ice cream on the way.
12,3,20,American English,experimental,10,B,[A ← A],active,active,FALSE,Before the TV networks did,the newspaper interviewed the Mayor,Before the TV networks did%2C the newspaper interviewed the Mayor.
12,5,20,American English,filler,11,B,upper-bound elliptical,NA,NA,NA,,,John knew he would fall asleep eventually%2C but he didn't know when.
12,2,20,American English,filler,18,B,lower-bound elliptical,NA,NA,NA,,,Kevin's diaper may be wet%2C but he won't.
12,4,20,American English,experimental,3,B,[P ← P],passive,passive,FALSE,Before the policeman was,the fireman was first praised by the Mayor,Before the policeman was%2C the fireman was first praised by the Mayor.
12,5,20,American English,filler,27,B,upper-bound non-elliptical,NA,NA,NA,,,Stop me when my time is up!
12,5,20,American English,filler,15,B,lower-bound elliptical,NA,NA,NA,,,Beth's mother invited more people to her wedding than were by Beth herself.
12,3,20,American English,experimental,6,B,[A ← A],active,active,FALSE,Before her French aunt did,Mary’s French grandmother gave her French classes,Before her French aunt did%2C Mary’s French grandmother gave her French classes.
12,2,20,American English,filler,41,B,lower-bound non-elliptical,NA,NA,NA,,,The police found the painting that the journalist claimed who stole.
12,5,20,American English,filler,2,B,upper-bound elliptical,NA,NA,NA,,,The thief was arrested and his brother was as well.
12,4,20,American English,experimental,20,B,[A ← P],active,passive,TRUE,After Sally did previously,the house was photographed by Jill,After Sally did previously%2C the house was photographed by Jill.
12,5,20,American English,filler,35,B,upper-bound non-elliptical,NA,NA,NA,,,Some people's handwriting is so bad that they can't read it themselves.
12,4,20,American English,filler,16,B,lower-bound elliptical,NA,NA,NA,,,Bill admires Sarah more than she is by anyone else.
12,3,20,American English,experimental,8,B,[A ← P],active,passive,TRUE,Before the lawyer did,the witness was surprised by the policeman’s question,Before the lawyer did%2C the witness was surprised by the policeman’s question.
12,5,20,American English,filler,1,B,upper-bound elliptical,NA,NA,NA,,,The reporter claimed that the decision wasn't made by the president%2C even though it most definitely was.
12,3,20,American English,filler,45,B,lower-bound non-elliptical,NA,NA,NA,,,The mechanic didn't know what the attempt to repair ultimately damaged the car.
12,4,20,American English,experimental,24,B,[A ← P],active,passive,TRUE,After the professor did already,the local writers were criticized by Tom,After the professor did already%2C the local writers were criticized by Tom.
7,2,80,American English,filler,41,D,lower-bound non-elliptical,NA,NA,NA,,,The police found the painting that the journalist claimed who stole.
7,1,80,American English,experimental,14,D,[A ← P],active,passive,TRUE,After Immigration did previously,the student was questioned by Customs,After Immigration did previously%2C the student was questioned by Customs.
7,3,80,American English,filler,37,D,lower-bound non-elliptical,NA,NA,NA,,,If it hasn't dark%2C it is easier to saw pedestrians.
7,2,80,American English,filler,15,D,lower-bound elliptical,NA,NA,NA,,,Beth's mother invited more people to her wedding than were by Beth herself.
7,2,80,American English,experimental,21,D,[P ← P],passive,passive,FALSE,After the 200 meter one was previously,the 400 meter record was broken by Phelps,After the 200 meter one was previously%2C the 400 meter record was broken by Phelps.
7,3,80,American English,filler,23,D,lower-bound elliptical,NA,NA,NA,,,Joe was murdered%2C but we don't know who.
7,4,80,American English,filler,16,D,lower-bound elliptical,NA,NA,NA,,,Bill admires Sarah more than she is by anyone else.
7,3,80,American English,experimental,6,D,[A ← P],active,passive,TRUE,Before her French aunt did,Mary was given French classes by her French grandmother,Before her French aunt did%2C Mary was given French classes by her French grandmother.
7,1,80,American English,filler,17,D,lower-bound elliptical,NA,NA,NA,,,Most people can't lift heavy rocks%2C but I know a guy who can and bend a crowbar%2C too.
7,1,80,American English,filler,25,D,upper-bound non-elliptical,NA,NA,NA,,,I can't hear the announcement but I don't care.
7,4,80,American English,experimental,15,D,[P ← A],passive,active,TRUE,After the CEO was on Monday,the IRS investigated the accountant on Tuesday,After the CEO was on Monday%2C the IRS investigated the accountant on Tuesday.
7,5,80,American English,filler,35,D,upper-bound non-elliptical,NA,NA,NA,,,Some people's handwriting is so bad that they can't read it themselves.
7,5,80,American English,filler,13,D,lower-bound elliptical,NA,NA,NA,,,A proof that God exists doesn't.
7,1,80,American English,experimental,7,D,[P ← A],passive,active,TRUE,Before her sisters were,Susan’s bank offered her a loan,Before her sisters were%2C Susan’s bank offered her a loan.
7,2,80,American English,filler,43,D,lower-bound non-elliptical,NA,NA,NA,,,Who did the press secretary ask a question before we interviewed?
7,4,80,American English,filler,7,D,upper-bound elliptical,NA,NA,NA,,,Your son was worried that you'll be angry so I told him you won't.
7,1,80,American English,experimental,18,D,[A ← P],active,passive,TRUE,After the buyer did already,the table was criticized by the seller,After the buyer did already%2C the table was criticized by the seller.
7,1,80,American English,filler,28,D,upper-bound non-elliptical,NA,NA,NA,,,Sometimes Susan has a hard time keeping up in class.
7,5,80,American English,filler,34,D,upper-bound non-elliptical,NA,NA,NA,,,Environmentally aware citizens recycle plastic bags.
7,1,80,American English,experimental,8,D,[A ← A],active,active,FALSE,Before the lawyer did,the policeman’s question surprised the witness,Before the lawyer did%2C the policeman’s question surprised the witness.
7,1,80,American English,filler,47,D,lower-bound non-elliptical,NA,NA,NA,,,Don't do what he who doesn't hasn't yet been done.
7,5,80,American English,filler,6,D,upper-bound elliptical,NA,NA,NA,,,This is fascinating%2C it really is.
7,5,80,American English,experimental,9,D,[P ← P],passive,passive,FALSE,Before the metal workers were,the autoworkers were exploited by the local business,Before the metal workers were%2C the autoworkers were exploited by the local business.
7,2,80,American English,filler,9,D,upper-bound elliptical,NA,NA,NA,,,Bob's always wanted to travel to Bolivia and now he finally did.
7,1,80,American English,filler,45,D,lower-bound non-elliptical,NA,NA,NA,,,The mechanic didn't know what the attempt to repair ultimately damaged the car.
7,4,80,American English,experimental,10,D,[A ← P],active,passive,TRUE,Before the TV networks did,the Mayor was interviewed by the newspapers,Before the TV networks did%2C the Mayor was interviewed by the newspapers.
7,1,80,American English,filler,39,D,lower-bound non-elliptical,NA,NA,NA,,,Most photographers forget whose they took picture within a day.
7,1,80,American English,filler,48,D,lower-bound non-elliptical,NA,NA,NA,,,The author wasn't sure who she heard who ran into.
7,2,80,American English,experimental,22,D,[A ← P],active,passive,TRUE,After Sandra did already,the secret recipe was revealed by Kate,After Sandra did already%2C the secret recipe was revealed by Kate.
7,1,80,American English,filler,32,D,upper-bound non-elliptical,NA,NA,NA,,,The cellist made a mistake in her favorite piece.
7,5,80,American English,filler,26,D,upper-bound non-elliptical,NA,NA,NA,,,Since you're not answering my question%2C I will assume that you don't know the answer.
7,3,80,American English,experimental,11,D,[P ← A],passive,active,TRUE,Before the witness was,the police questioned the suspect,Before the witness was%2C the police questioned the suspect.
7,1,80,American English,filler,21,D,lower-bound elliptical,NA,NA,NA,,,Betsy did after Peter went to the store.
7,1,80,American English,filler,38,D,lower-bound non-elliptical,NA,NA,NA,,,Whose didn't you get email?
7,4,80,American English,experimental,17,D,[P ← P],passive,passive,FALSE,After the lead singer herself was earlier,the guitarist was booed by the audience,After the lead singer herself was earlier%2C the guitarist was booed by the audience.
7,5,80,American English,filler,36,D,upper-bound non-elliptical,NA,NA,NA,,,You enjoy Action TV shows while I prefer documentaries.
7,1,80,American English,filler,44,D,lower-bound non-elliptical,NA,NA,NA,,,The man wondered whether is worth reading what for him.
7,4,80,American English,experimental,5,D,[P ← P],passive,passive,FALSE,Before the Teaching Assistant was,the student was praised by the old schoolmaster,Before the Teaching Assistant was%2C the student was praised by the old schoolmaster.
7,5,80,American English,filler,33,D,upper-bound non-elliptical,NA,NA,NA,,,Most readers didn't expect the final plot twist.
7,1,80,American English,filler,42,D,lower-bound non-elliptical,NA,NA,NA,,,Claire isn't as fast anymore as the reporter remembers who was five years ago.
7,2,80,American English,experimental,13,D,[P ← P],passive,passive,FALSE,After Jill was already,the new girl was pushed again by Bill,After Jill was already%2C the new girl was pushed again by Bill.
7,4,80,American English,filler,2,D,upper-bound elliptical,NA,NA,NA,,,The thief was arrested and his brother was as well.
7,4,80,American English,filler,5,D,upper-bound elliptical,NA,NA,NA,,,The lawyer became angry and he shouldn't have.
7,4,80,American English,experimental,2,D,[A ← P],active,passive,TRUE,Before the lawyer did,the report was first read by the judge,Before the lawyer did%2C the report was first read by the judge.
7,5,80,American English,filler,27,D,upper-bound non-elliptical,NA,NA,NA,,,Stop me when my time is up!
7,2,80,American English,filler,24,D,lower-bound elliptical,NA,NA,NA,,,Hailey melted the copper vase%2C and the magnesium one did%2C too.
7,4,80,American English,experimental,1,D,[P ← P],passive,passive,FALSE,Before her sister was,Mary was scolded by her father,Before her sister was%2C Mary was scolded by her father.
7,4,80,American English,filler,3,D,upper-bound elliptical,NA,NA,NA,,,I wish I knew where the remote control is%2C but I don't.
7,2,80,American English,filler,14,D,lower-bound elliptical,NA,NA,NA,,,Even in areas where tap water is potable%2C one shouldn't.
7,5,80,American English,experimental,4,D,[A ← A],active,active,FALSE,Before the announcer did,the talk-show host hugged the winner,Before the announcer did%2C the talk-show host hugged the winner.
7,3,80,American English,filler,20,D,lower-bound elliptical,NA,NA,NA,,,Does he understand why and who didn't?
7,5,80,American English,filler,29,D,upper-bound non-elliptical,NA,NA,NA,,,Good coaches know which players play well under pressure.
7,3,80,American English,experimental,3,D,[P ← A],passive,active,TRUE,Before the policeman was,the Mayor first praised the fireman,Before the policeman was%2C the Mayor first praised the fireman.
7,5,80,American English,filler,31,D,upper-bound non-elliptical,NA,NA,NA,,,The soccer player was happy with his performance.
7,1,80,American English,filler,40,D,lower-bound non-elliptical,NA,NA,NA,,,What did you meet a janitor that hates?
7,2,80,American English,experimental,19,D,[P ← A],passive,active,TRUE,After the appetizer was already,the customer praised the dessert,After the appetizer was already%2C the customer praised the dessert.
7,5,80,American English,filler,8,D,upper-bound elliptical,NA,NA,NA,,,Somebody else should take out the garbage because I can't today.
7,5,80,American English,filler,12,D,upper-bound elliptical,NA,NA,NA,,,Mr. Jones lost his wallet and he has no idea where.
7,4,80,American English,experimental,12,D,[A ← A],active,active,FALSE,Before the insurance company did,the child’s parents blamed the doctor,Before the insurance company did%2C the child’s parents blamed the doctor.
7,1,80,American English,filler,19,D,lower-bound elliptical,NA,NA,NA,,,I know why it happened but it wasn't.
7,1,80,American English,filler,18,D,lower-bound elliptical,NA,NA,NA,,,Kevin's diaper may be wet%2C but he won't.
7,1,80,American English,experimental,23,D,[P ← A],passive,active,TRUE,After the records office was previously,the department head called the library,After the records office was previously%2C the department head called the library.
7,5,80,American English,filler,4,D,upper-bound elliptical,NA,NA,NA,,,Some guests brought drinks to the party although they didn't have to.
7,1,80,American English,filler,22,D,lower-bound elliptical,NA,NA,NA,,,That Harry is a fool bothers Dick%2C and that Bill is a fool Sam.
7,4,80,American English,experimental,16,D,[A ← A],active,active,FALSE,After the Germans did previously,the Cubans beat the volleyball team,After the Germans did previously%2C the Cubans beat the volleyball team.
7,5,80,American English,filler,11,D,upper-bound elliptical,NA,NA,NA,,,John knew he would fall asleep eventually%2C but he didn't know when.
7,1,80,American English,filler,46,D,lower-bound non-elliptical,NA,NA,NA,,,What do you wish that to buy would be no problem?
7,4,80,American English,experimental,24,D,[A ← A],active,active,FALSE,After the professor did already,Tom criticized the local writers,After the professor did already%2C Tom criticized the local writers.
7,5,80,American English,filler,1,D,upper-bound elliptical,NA,NA,NA,,,The reporter claimed that the decision wasn't made by the president%2C even though it most definitely was.
7,5,80,American English,filler,10,D,upper-bound elliptical,NA,NA,NA,,,If you really want to%2C we can get some ice cream on the way.
7,4,80,American English,experimental,20,D,[A ← A],active,active,FALSE,After Sally did previously,Jill photographed the house,After Sally did previously%2C Jill photographed the house.
7,5,80,American English,filler,30,D,upper-bound non-elliptical,NA,NA,NA,,,The older daughter taught her younger sister how to cook.
1,2,72,American English,filler,24,D,lower-bound elliptical,NA,NA,NA,,,Hailey melted the copper vase%2C and the magnesium one did%2C too.
1,5,72,American English,filler,30,D,upper-bound non-elliptical,NA,NA,NA,,,The older daughter taught her younger sister how to cook.
1,4,72,American English,experimental,1,D,[P ← P],passive,passive,FALSE,Before her sister was,Mary was scolded by her father,Before her sister was%2C Mary was scolded by her father.
1,2,72,American English,filler,23,D,lower-bound elliptical,NA,NA,NA,,,Joe was murdered%2C but we don't know who.
1,5,72,American English,filler,10,D,upper-bound elliptical,NA,NA,NA,,,If you really want to%2C we can get some ice cream on the way.
1,1,72,American English,experimental,3,D,[P ← A],passive,active,TRUE,Before the policeman was,the Mayor first praised the fireman,Before the policeman was%2C the Mayor first praised the fireman.
1,5,72,American English,filler,1,D,upper-bound elliptical,NA,NA,NA,,,The reporter claimed that the decision wasn't made by the president%2C even though it most definitely was.
1,5,72,American English,filler,31,D,upper-bound non-elliptical,NA,NA,NA,,,The soccer player was happy with his performance.
1,1,72,American English,experimental,23,D,[P ← A],passive,active,TRUE,After the records office was previously,the department head called the library,After the records office was previously%2C the department head called the library.
1,2,72,American English,filler,13,D,lower-bound elliptical,NA,NA,NA,,,A proof that God exists doesn't.
1,1,72,American English,filler,37,D,lower-bound non-elliptical,NA,NA,NA,,,If it hasn't dark%2C it is easier to saw pedestrians.
1,2,72,American English,experimental,9,D,[P ← P],passive,passive,FALSE,Before the metal workers were,the autoworkers were exploited by the local business,Before the metal workers were%2C the autoworkers were exploited by the local business.
1,1,72,American English,filler,41,D,lower-bound non-elliptical,NA,NA,NA,,,The police found the painting that the journalist claimed who stole.
1,5,72,American English,filler,29,D,upper-bound non-elliptical,NA,NA,NA,,,Good coaches know which players play well under pressure.
1,1,72,American English,experimental,17,D,[P ← P],passive,passive,FALSE,After the lead singer herself was earlier,the guitarist was booed by the audience,After the lead singer herself was earlier%2C the guitarist was booed by the audience.
1,4,72,American English,filler,9,D,upper-bound elliptical,NA,NA,NA,,,Bob's always wanted to travel to Bolivia and now he finally did.
1,5,72,American English,filler,28,D,upper-bound non-elliptical,NA,NA,NA,,,Sometimes Susan has a hard time keeping up in class.
1,1,72,American English,experimental,6,D,[A ← P],active,passive,TRUE,Before her French aunt did,Mary was given French classes by her French grandmother,Before her French aunt did%2C Mary was given French classes by her French grandmother.
1,2,72,American English,filler,17,D,lower-bound elliptical,NA,NA,NA,,,Most people can't lift heavy rocks%2C but I know a guy who can and bend a crowbar%2C too.
1,1,72,American English,filler,44,D,lower-bound non-elliptical,NA,NA,NA,,,The man wondered whether is worth reading what for him.
1,1,72,American English,experimental,7,D,[P ← A],passive,active,TRUE,Before her sisters were,Susan’s bank offered her a loan,Before her sisters were%2C Susan’s bank offered her a loan.
1,4,72,American English,filler,7,D,upper-bound elliptical,NA,NA,NA,,,Your son was worried that you'll be angry so I told him you won't.
1,1,72,American English,filler,14,D,lower-bound elliptical,NA,NA,NA,,,Even in areas where tap water is potable%2C one shouldn't.
1,1,72,American English,experimental,21,D,[P ← P],passive,passive,FALSE,After the 200 meter one was previously,the 400 meter record was broken by Phelps,After the 200 meter one was previously%2C the 400 meter record was broken by Phelps.
1,5,72,American English,filler,32,D,upper-bound non-elliptical,NA,NA,NA,,,The cellist made a mistake in her favorite piece.
1,5,72,American English,filler,33,D,upper-bound non-elliptical,NA,NA,NA,,,Most readers didn't expect the final plot twist.
1,1,72,American English,experimental,18,D,[A ← P],active,passive,TRUE,After the buyer did already,the table was criticized by the seller,After the buyer did already%2C the table was criticized by the seller.
1,5,72,American English,filler,26,D,upper-bound non-elliptical,NA,NA,NA,,,Since you're not answering my question%2C I will assume that you don't know the answer.
1,1,72,American English,filler,47,D,lower-bound non-elliptical,NA,NA,NA,,,Don't do what he who doesn't hasn't yet been done.
1,1,72,American English,experimental,15,D,[P ← A],passive,active,TRUE,After the CEO was on Monday,the IRS investigated the accountant on Tuesday,After the CEO was on Monday%2C the IRS investigated the accountant on Tuesday.
1,1,72,American English,filler,16,D,lower-bound elliptical,NA,NA,NA,,,Bill admires Sarah more than she is by anyone else.
1,1,72,American English,filler,20,D,lower-bound elliptical,NA,NA,NA,,,Does he understand why and who didn't?
1,1,72,American English,experimental,13,D,[P ← P],passive,passive,FALSE,After Jill was already,the new girl was pushed again by Bill,After Jill was already%2C the new girl was pushed again by Bill.
1,5,72,American English,filler,11,D,upper-bound elliptical,NA,NA,NA,,,John knew he would fall asleep eventually%2C but he didn't know when.
1,1,72,American English,filler,40,D,lower-bound non-elliptical,NA,NA,NA,,,What did you meet a janitor that hates?
1,2,72,American English,experimental,5,D,[P ← P],passive,passive,FALSE,Before the Teaching Assistant was,the student was praised by the old schoolmaster,Before the Teaching Assistant was%2C the student was praised by the old schoolmaster.
1,1,72,American English,filler,22,D,lower-bound elliptical,NA,NA,NA,,,That Harry is a fool bothers Dick%2C and that Bill is a fool Sam.
1,5,72,American English,filler,8,D,upper-bound elliptical,NA,NA,NA,,,Somebody else should take out the garbage because I can't today.
1,3,72,American English,experimental,24,D,[A ← A],active,active,FALSE,After the professor did already,Tom criticized the local writers,After the professor did already%2C Tom criticized the local writers.
1,1,72,American English,filler,19,D,lower-bound elliptical,NA,NA,NA,,,I know why it happened but it wasn't.
1,2,72,American English,filler,46,D,lower-bound non-elliptical,NA,NA,NA,,,What do you wish that to buy would be no problem?
1,2,72,American English,experimental,16,D,[A ← A],active,active,FALSE,After the Germans did previously,the Cubans beat the volleyball team,After the Germans did previously%2C the Cubans beat the volleyball team.
1,1,72,American English,filler,18,D,lower-bound elliptical,NA,NA,NA,,,Kevin's diaper may be wet%2C but he won't.
1,2,72,American English,filler,21,D,lower-bound elliptical,NA,NA,NA,,,Betsy did after Peter went to the store.
1,1,72,American English,experimental,10,D,[A ← P],active,passive,TRUE,Before the TV networks did,the Mayor was interviewed by the newspapers,Before the TV networks did%2C the Mayor was interviewed by the newspapers.
1,4,72,American English,filler,35,D,upper-bound non-elliptical,NA,NA,NA,,,Some people's handwriting is so bad that they can't read it themselves.
1,5,72,American English,filler,2,D,upper-bound elliptical,NA,NA,NA,,,The thief was arrested and his brother was as well.
1,3,72,American English,experimental,12,D,[A ← A],active,active,FALSE,Before the insurance company did,the child’s parents blamed the doctor,Before the insurance company did%2C the child’s parents blamed the doctor.
1,1,72,American English,filler,42,D,lower-bound non-elliptical,NA,NA,NA,,,Claire isn't as fast anymore as the reporter remembers who was five years ago.
1,4,72,American English,filler,3,D,upper-bound elliptical,NA,NA,NA,,,I wish I knew where the remote control is%2C but I don't.
1,1,72,American English,experimental,22,D,[A ← P],active,passive,TRUE,After Sandra did already,the secret recipe was revealed by Kate,After Sandra did already%2C the secret recipe was revealed by Kate.
1,1,72,American English,filler,38,D,lower-bound non-elliptical,NA,NA,NA,,,Whose didn't you get email?
1,5,72,American English,filler,25,D,upper-bound non-elliptical,NA,NA,NA,,,I can't hear the announcement but I don't care.
1,3,72,American English,experimental,4,D,[A ← A],active,active,FALSE,Before the announcer did,the talk-show host hugged the winner,Before the announcer did%2C the talk-show host hugged the winner.
1,4,72,American English,filler,4,D,upper-bound elliptical,NA,NA,NA,,,Some guests brought drinks to the party although they didn't have to.
1,1,72,American English,filler,39,D,lower-bound non-elliptical,NA,NA,NA,,,Most photographers forget whose they took picture within a day.
1,3,72,American English,experimental,20,D,[A ← A],active,active,FALSE,After Sally did previously,Jill photographed the house,After Sally did previously%2C Jill photographed the house.
1,1,72,American English,filler,45,D,lower-bound non-elliptical,NA,NA,NA,,,The mechanic didn't know what the attempt to repair ultimately damaged the car.
1,5,72,American English,filler,34,D,upper-bound non-elliptical,NA,NA,NA,,,Environmentally aware citizens recycle plastic bags.
1,1,72,American English,experimental,14,D,[A ← P],active,passive,TRUE,After Immigration did previously,the student was questioned by Customs,After Immigration did previously%2C the student was questioned by Customs.
1,3,72,American English,filler,6,D,upper-bound elliptical,NA,NA,NA,,,This is fascinating%2C it really is.
1,1,72,American English,filler,48,D,lower-bound non-elliptical,NA,NA,NA,,,The author wasn't sure who she heard who ran into.
1,1,72,American English,experimental,11,D,[P ← A],passive,active,TRUE,Before the witness was,the police questioned the suspect,Before the witness was%2C the police questioned the suspect.
1,5,72,American English,filler,27,D,upper-bound non-elliptical,NA,NA,NA,,,Stop me when my time is up!
1,5,72,American English,filler,36,D,upper-bound non-elliptical,NA,NA,NA,,,You enjoy Action TV shows while I prefer documentaries.
1,1,72,American English,experimental,8,D,[A ← A],active,active,FALSE,Before the lawyer did,the policeman’s question surprised the witness,Before the lawyer did%2C the policeman’s question surprised the witness.
1,4,72,American English,filler,5,D,upper-bound elliptical,NA,NA,NA,,,The lawyer became angry and he shouldn't have.
1,1,72,American English,filler,15,D,lower-bound elliptical,NA,NA,NA,,,Beth's mother invited more people to her wedding than were by Beth herself.
1,1,72,American English,experimental,2,D,[A ← P],active,passive,TRUE,Before the lawyer did,the report was first read by the judge,Before the lawyer did%2C the report was first read by the judge.
1,1,72,American English,filler,43,D,lower-bound non-elliptical,NA,NA,NA,,,Who did the press secretary ask a question before we interviewed?
1,4,72,American English,filler,12,D,upper-bound elliptical,NA,NA,NA,,,Mr. Jones lost his wallet and he has no idea where.
1,1,72,American English,experimental,19,D,[P ← A],passive,active,TRUE,After the appetizer was already,the customer praised the dessert,After the appetizer was already%2C the customer praised the dessert.
17,2,49,American English,filler,38,B,lower-bound non-elliptical,NA,NA,NA,,,Whose didn't you get email?
17,3,49,American English,experimental,22,B,[A ← A],active,active,FALSE,After Sandra did already,Kate revealed the secret recipe,After Sandra did already%2C Kate revealed the secret recipe.
17,5,49,American English,filler,10,B,upper-bound elliptical,NA,NA,NA,,,If you really want to%2C we can get some ice cream on the way.
17,4,49,American English,filler,20,B,lower-bound elliptical,NA,NA,NA,,,Does he understand why and who didn't?
17,4,49,American English,experimental,17,B,[P ← A],passive,active,TRUE,After the lead singer herself was earlier,the audience booed the guitarist,After the lead singer herself was earlier%2C the audience booed the guitarist.
17,2,49,American English,filler,41,B,lower-bound non-elliptical,NA,NA,NA,,,The police found the painting that the journalist claimed who stole.
17,5,49,American English,filler,28,B,upper-bound non-elliptical,NA,NA,NA,,,Sometimes Susan has a hard time keeping up in class.
17,4,49,American English,experimental,24,B,[A ← P],active,passive,TRUE,After the professor did already,the local writers were criticized by Tom,After the professor did already%2C the local writers were criticized by Tom.
17,5,49,American English,filler,1,B,upper-bound elliptical,NA,NA,NA,,,The reporter claimed that the decision wasn't made by the president%2C even though it most definitely was.
17,4,49,American English,filler,22,B,lower-bound elliptical,NA,NA,NA,,,That Harry is a fool bothers Dick%2C and that Bill is a fool Sam.
17,4,49,American English,experimental,9,B,[P ← A],passive,active,TRUE,Before the metal workers were,the local business exploited the autoworkers,Before the metal workers were%2C the local business exploited the autoworkers.
17,3,49,American English,filler,43,B,lower-bound non-elliptical,NA,NA,NA,,,Who did the press secretary ask a question before we interviewed?
17,3,49,American English,filler,14,B,lower-bound elliptical,NA,NA,NA,,,Even in areas where tap water is potable%2C one shouldn't.
17,2,49,American English,experimental,5,B,[P ← A],passive,active,TRUE,Before the Teaching Assistant was,the old schoolmaster praised the student,Before the Teaching Assistant was%2C the old schoolmaster praised the student.
17,2,49,American English,filler,44,B,lower-bound non-elliptical,NA,NA,NA,,,The man wondered whether is worth reading what for him.
17,5,49,American English,filler,25,B,upper-bound non-elliptical,NA,NA,NA,,,I can't hear the announcement but I don't care.
17,5,49,American English,experimental,7,B,[P ← P],passive,passive,FALSE,Before her sisters were,Susan was offered a loan by the bank,Before her sisters were%2C Susan was offered a loan by the bank.
17,5,49,American English,filler,33,B,upper-bound non-elliptical,NA,NA,NA,,,Most readers didn't expect the final plot twist.
17,5,49,American English,filler,12,B,upper-bound elliptical,NA,NA,NA,,,Mr. Jones lost his wallet and he has no idea where.
17,4,49,American English,experimental,23,B,[P ← P],passive,passive,FALSE,After the records office was previously,the library was called by the department head,After the records office was previously%2C the library was called by the department head.
17,5,49,American English,filler,8,B,upper-bound elliptical,NA,NA,NA,,,Somebody else should take out the garbage because I can't today.
17,3,49,American English,filler,24,B,lower-bound elliptical,NA,NA,NA,,,Hailey melted the copper vase%2C and the magnesium one did%2C too.
17,5,49,American English,experimental,10,B,[A ← A],active,active,FALSE,Before the TV networks did,the newspaper interviewed the Mayor,Before the TV networks did%2C the newspaper interviewed the Mayor.
17,5,49,American English,filler,5,B,upper-bound elliptical,NA,NA,NA,,,The lawyer became angry and he shouldn't have.
17,5,49,American English,filler,4,B,upper-bound elliptical,NA,NA,NA,,,Some guests brought drinks to the party although they didn't have to.
17,4,49,American English,experimental,19,B,[P ← P],passive,passive,FALSE,After the appetizer was already,the dessert was praised by the customer,After the appetizer was already%2C the dessert was praised by the customer.
17,4,49,American English,filler,23,B,lower-bound elliptical,NA,NA,NA,,,Joe was murdered%2C but we don't know who.
17,5,49,American English,filler,11,B,upper-bound elliptical,NA,NA,NA,,,John knew he would fall asleep eventually%2C but he didn't know when.
17,2,49,American English,experimental,13,B,[P ← A],passive,active,TRUE,After Jill was already,Bill pushed the new girl again,After Jill was already%2C Bill pushed the new girl again.
17,5,49,American English,filler,35,B,upper-bound non-elliptical,NA,NA,NA,,,Some people's handwriting is so bad that they can't read it themselves.
17,2,49,American English,filler,48,B,lower-bound non-elliptical,NA,NA,NA,,,The author wasn't sure who she heard who ran into.
17,5,49,American English,experimental,6,B,[A ← A],active,active,FALSE,Before her French aunt did,Mary’s French grandmother gave her French classes,Before her French aunt did%2C Mary’s French grandmother gave her French classes.
17,5,49,American English,filler,3,B,upper-bound elliptical,NA,NA,NA,,,I wish I knew where the remote control is%2C but I don't.
17,5,49,American English,filler,27,B,upper-bound non-elliptical,NA,NA,NA,,,Stop me when my time is up!
17,5,49,American English,experimental,14,B,[A ← A],active,active,FALSE,After Immigration did previously,Customs questioned the student,After Immigration did previously%2C Customs questioned the student.
17,3,49,American English,filler,42,B,lower-bound non-elliptical,NA,NA,NA,,,Claire isn't as fast anymore as the reporter remembers who was five years ago.
17,5,49,American English,filler,6,B,upper-bound elliptical,NA,NA,NA,,,This is fascinating%2C it really is.
17,4,49,American English,experimental,15,B,[P ← P],passive,passive,FALSE,After the CEO was on Monday,the accountant was investigated by the IRS on Tuesday,After the CEO was on Monday%2C the accountant was investigated by the IRS on Tuesday.
17,5,49,American English,filler,9,B,upper-bound elliptical,NA,NA,NA,,,Bob's always wanted to travel to Bolivia and now he finally did.
17,1,49,American English,filler,40,B,lower-bound non-elliptical,NA,NA,NA,,,What did you meet a janitor that hates?
17,4,49,American English,experimental,4,B,[A ← P],active,passive,TRUE,Before the announcer did,the winner was hugged by the talk-show host,Before the announcer did%2C the winner was hugged by the talk-show host.
17,5,49,American English,filler,31,B,upper-bound non-elliptical,NA,NA,NA,,,The soccer player was happy with his performance.
17,4,49,American English,filler,7,B,upper-bound elliptical,NA,NA,NA,,,Your son was worried that you'll be angry so I told him you won't.
17,4,49,American English,experimental,20,B,[A ← P],active,passive,TRUE,After Sally did previously,the house was photographed by Jill,After Sally did previously%2C the house was photographed by Jill.
17,4,49,American English,filler,13,B,lower-bound elliptical,NA,NA,NA,,,A proof that God exists doesn't.
17,3,49,American English,filler,19,B,lower-bound elliptical,NA,NA,NA,,,I know why it happened but it wasn't.
17,3,49,American English,experimental,21,B,[P ← A],passive,active,TRUE,After the 200 meter one was previously,Phelps broke the 400 meter record,After the 200 meter one was previously%2C Phelps broke the 400 meter record.
17,1,49,American English,filler,47,B,lower-bound non-elliptical,NA,NA,NA,,,Don't do what he who doesn't hasn't yet been done.
17,3,49,American English,filler,46,B,lower-bound non-elliptical,NA,NA,NA,,,What do you wish that to buy would be no problem?
17,3,49,American English,experimental,8,B,[A ← P],active,passive,TRUE,Before the lawyer did,the witness was surprised by the policeman’s question,Before the lawyer did%2C the witness was surprised by the policeman’s question.
17,5,49,American English,filler,36,B,upper-bound non-elliptical,NA,NA,NA,,,You enjoy Action TV shows while I prefer documentaries.
17,5,49,American English,filler,29,B,upper-bound non-elliptical,NA,NA,NA,,,Good coaches know which players play well under pressure.
17,5,49,American English,experimental,18,B,[A ← A],active,active,FALSE,After the buyer did already,the seller criticized the table,After the buyer did already%2C the seller criticized the table.
17,2,49,American English,filler,18,B,lower-bound elliptical,NA,NA,NA,,,Kevin's diaper may be wet%2C but he won't.
17,3,49,American English,filler,45,B,lower-bound non-elliptical,NA,NA,NA,,,The mechanic didn't know what the attempt to repair ultimately damaged the car.
17,4,49,American English,experimental,11,B,[P ← P],passive,passive,FALSE,Before the witness was,the suspect was questioned by the police,Before the witness was%2C the suspect was questioned by the police.
17,2,49,American English,filler,37,B,lower-bound non-elliptical,NA,NA,NA,,,If it hasn't dark%2C it is easier to saw pedestrians.
17,3,49,American English,filler,16,B,lower-bound elliptical,NA,NA,NA,,,Bill admires Sarah more than she is by anyone else.
17,4,49,American English,experimental,1,B,[P ← A],passive,active,TRUE,Before her sister was,Mary’s father scolded her,Before her sister was%2C Mary’s father scolded her.
17,5,49,American English,filler,32,B,upper-bound non-elliptical,NA,NA,NA,,,The cellist made a mistake in her favorite piece.
17,5,49,American English,filler,26,B,upper-bound non-elliptical,NA,NA,NA,,,Since you're not answering my question%2C I will assume that you don't know the answer.
17,4,49,American English,experimental,2,B,[A ← A],active,active,FALSE,Before the lawyer did,the judge read the report first,Before the lawyer did%2C the judge read the report first.
17,5,49,American English,filler,30,B,upper-bound non-elliptical,NA,NA,NA,,,The older daughter taught her younger sister how to cook.
17,5,49,American English,filler,34,B,upper-bound non-elliptical,NA,NA,NA,,,Environmentally aware citizens recycle plastic bags.
17,4,49,American English,experimental,3,B,[P ← P],passive,passive,FALSE,Before the policeman was,the fireman was first praised by the Mayor,Before the policeman was%2C the fireman was first praised by the Mayor.
17,2,49,American English,filler,21,B,lower-bound elliptical,NA,NA,NA,,,Betsy did after Peter went to the store.
17,3,49,American English,filler,39,B,lower-bound non-elliptical,NA,NA,NA,,,Most photographers forget whose they took picture within a day.
17,4,49,American English,experimental,12,B,[A ← P],active,passive,TRUE,Before the insurance company did,the doctor was blamed by the child’s parents,Before the insurance company did%2C the doctor was blamed by the child’s parents.
17,4,49,American English,filler,17,B,lower-bound elliptical,NA,NA,NA,,,Most people can't lift heavy rocks%2C but I know a guy who can and bend a crowbar%2C too.
17,4,49,American English,filler,15,B,lower-bound elliptical,NA,NA,NA,,,Beth's mother invited more people to her wedding than were by Beth herself.
17,4,49,American English,experimental,16,B,[A ← P],active,passive,TRUE,After the Germans did previously,the volleyball team was beaten by the Cubans,After the Germans did previously%2C the volleyball team was beaten by the Cubans.
17,5,49,American English,filler,2,B,upper-bound elliptical,NA,NA,NA,,,The thief was arrested and his brother was as well.
